"SNP","CHROM","POS","REF","ALT","Effect","SE","am2_18.FarmCPU"
"Chr01_27049702","Chr01",27049702,"G","A",13.2557215997286,2.33889347103521,1.72126744347672e-10
"Chr01_63383730","Chr01",63383730,"C","T",8.1884942809297,1.64502709476903,1.01066921947722e-08
"Chr02_70261266","Chr02",70261266,"G","A",-11.3656042152474,2.14717989120571,6.99970801650602e-09
"Chr03_56520108","Chr03",56520108,"A","G",11.4403205079362,1.63180574644864,3.10805096991305e-13
"Chr04_11229736","Chr04",11229736,"A","G",12.5146900614611,1.55112235080471,2.2778011343714e-16
"Chr08_45602786","Chr08",45602786,"G","A",10.9522018938617,1.73934558112138,3.60050550000952e-11
