"SNP","CHROM","POS","REF","ALT","Effect","SE","am2_31.FarmCPU"
"Chr02_60599498","Chr02",60599498,"T","A",9.9088720508524,1.64091888061959,4.38695494544467e-12
"Chr03_56520108","Chr03",56520108,"A","G",7.54369718109852,1.54875903263016,2.18848325616048e-08
"Chr04_11229736","Chr04",11229736,"A","G",7.97430213759892,1.38120904198449,3.9556006908889e-10
"Chr07_2455930","Chr07",2455930,"A","T",5.31334086930476,0.978109101767574,2.05519763382148e-09
