"SNP","CHROM","POS","REF","ALT","Effect","SE","am2_92.FarmCPU"
"Chr05_51941084","Chr05",51941084,"G","A",8.8161280793031,1.85199733729616,3.52440951229567e-08
