"SNP","CHROM","POS","REF","ALT","Effect","SE","am2_35.FarmCPU"
"Chr01_63282146","Chr01",63282146,"G","A",15.524755980693,2.02399938715942,6.08732757498771e-15
"Chr02_6935732","Chr02",6935732,"C","T",8.15228739718947,1.30287419366496,2.76339883836671e-11
"Chr02_60599498","Chr02",60599498,"T","A",8.68646026474495,1.3788179396748,1.08154195914329e-11
"Chr03_56520108","Chr03",56520108,"A","G",8.63057158632103,1.50865665648753,7.34709825915379e-10
"Chr06_23691090","Chr06",23691090,"A","G",7.81603017675624,1.60604264540742,4.07917384676119e-08
"Chr09_7108520","Chr09",7108520,"A","G",-8.57972032396899,1.48864979450338,2.03978383083848e-10
"Chr10_40863216","Chr10",40863216,"A","G",-7.15353702353231,1.34496513610527,3.15598340531213e-09
