"SNP","CHROM","POS","REF","ALT","Effect","SE","am2_97.FarmCPU"
"Chr01_57944076","Chr01",57944076,"A","C",5.27607285728634,0.849758042228604,2.30951359726379e-11
"Chr02_49496705","Chr02",49496705,"T","C",10.9767800239798,2.13727081428719,6.51044508606611e-09
"Chr02_76390185","Chr02",76390185,"G","T",7.83991439664057,1.55492514853918,9.70956328784055e-09
"Chr03_56520108","Chr03",56520108,"A","G",10.3493083397286,1.53462663191638,1.38197272033222e-12
"Chr04_11229736","Chr04",11229736,"A","G",11.595407567181,1.35999631314719,2.26016067721184e-17
"Chr08_11756350","Chr08",11756350,"A","G",16.5626644182103,2.34470767381377,2.63956265145566e-13
"Chr10_27283392","Chr10",27283392,"C","A",-10.5466806793624,2.09919780546256,8.72545497842137e-09
