"SNP","CHROM","POS","REF","ALT","Effect","SE","am2_60.FarmCPU"
"Chr03_56520108","Chr03",56520108,"A","G",8.8600388476904,1.35108233628297,2.27205015124749e-12
"Chr04_11229736","Chr04",11229736,"A","G",7.72106926001102,1.43111866829978,2.97007971300274e-09
"Chr07_54361992","Chr07",54361992,"A","G",-5.35021426409217,0.901268515289351,9.52018055076497e-11
