"SNP","CHROM","POS","REF","ALT","Effect","SE","am2_4.FarmCPU"
"Chr01_51426390","Chr01",51426390,"G","A",8.50749721105464,1.55031438743948,1.49557810820295e-09
"Chr02_68005448","Chr02",68005448,"C","T",5.01501592733793,0.801912725690857,2.69695664809421e-11
"Chr08_6237832","Chr08",6237832,"T","C",10.9352557203281,1.84776954509249,6.20368833681154e-11
"Chr08_58927344","Chr08",58927344,"T","C",12.1409236893242,1.92800403741914,2.60534217796999e-11
