"SNP","CHROM","POS","REF","ALT","Effect","SE","am2_33.FarmCPU"
"Chr01_57944076","Chr01",57944076,"A","C",4.67587786567766,0.86657410728061,2.74346885493238e-09
"Chr02_8171317","Chr02",8171317,"G","A",7.43460387747158,1.28876711548471,5.13757525929271e-10
"Chr03_10099037","Chr03",10099037,"C","T",8.52251792402532,1.75309151659275,3.30483354791483e-08
"Chr03_56520108","Chr03",56520108,"A","G",8.44622066434292,1.50528730688959,5.45248048650718e-10
"Chr05_12172414","Chr05",12172414,"G","A",11.7905524302595,1.77995985120653,2.50899541010576e-12
