"SNP","CHROM","POS","REF","ALT","Effect","SE","am2_98.FarmCPU"
"Chr03_56520108","Chr03",56520108,"A","G",8.22251282834227,1.63331848962578,1.88110345568905e-08
"Chr04_11229736","Chr04",11229736,"A","G",8.21713408187849,1.37552647260724,8.12879307703377e-11
"Chr04_57289423","Chr04",57289423,"G","A",-7.46375656733829,1.55613091777593,3.09552285699789e-08
"Chr05_11639043","Chr05",11639043,"G","T",-7.36931666319869,1.23932650952013,1.03173056042601e-10
"Chr07_19169176","Chr07",19169176,"G","A",10.5152970478166,1.8056740979762,1.12248698345688e-10
"Chr08_45602786","Chr08",45602786,"G","A",8.3090433831454,1.4814872458337,6.32344694149363e-10
"Chr10_52903530","Chr10",52903530,"A","G",-9.30681225198681,1.9038393714508,3.33991719918677e-08
