"SNP","CHROM","POS","REF","ALT","Effect","SE","am2_70.FarmCPU"
"Chr01_14077495","Chr01",14077495,"C","G",4.96478953964692,0.965104272247189,1.2324151052122e-09
"Chr02_38310584","Chr02",38310584,"T","A",15.9488013125371,3.35490040883758,3.31865984133295e-08
"Chr02_53726008","Chr02",53726008,"G","A",9.02007996191711,1.95671028602681,1.812880355636e-08
"Chr06_27959411","Chr06",27959411,"A","G",-8.41269933367846,1.87458634070952,4.21974601618394e-08
"Chr06_41390777","Chr06",41390777,"T","A",9.97245749896295,1.95936601417806,2.14831549411943e-09
"Chr08_51687732","Chr08",51687732,"T","C",7.89261918166572,1.53681907107484,7.6128303915814e-09
