"SNP","CHROM","POS","REF","ALT","Effect","SE","am2_75.FarmCPU"
"Chr01_57944076","Chr01",57944076,"A","C",4.35318796249798,0.887392260900602,8.83248968273825e-09
"Chr02_38310584","Chr02",38310584,"T","A",15.133105085246,2.72134550941537,6.27156818921588e-10
"Chr02_70466243","Chr02",70466243,"A","G",6.62242992114141,1.26698892337885,4.80327388077946e-09
"Chr05_57447007","Chr05",57447007,"G","A",10.8749613239935,1.94872238627189,6.30774701184159e-10
"Chr06_15833644","Chr06",15833644,"G","C",-7.78880138158321,1.65406898506936,2.14763098146783e-08
"Chr07_17096124","Chr07",17096124,"A","G",11.9046204231795,2.20002778593074,3.20706088138435e-09
