"SNP","CHROM","POS","REF","ALT","Effect","SE","am2_29.FarmCPU"
"Chr01_63203023","Chr01",63203023,"C","T",10.9242505030637,2.13179970386773,3.90279786014031e-09
"Chr02_60599498","Chr02",60599498,"T","A",9.58861952289976,1.53497835012775,9.76317440407182e-12
"Chr03_56520108","Chr03",56520108,"A","G",11.2791438992991,1.65664410242049,5.96229093840709e-13
"Chr03_74246094","Chr03",74246094,"G","A",6.10760748959488,1.26939693077233,1.9998364704235e-08
"Chr04_27842283","Chr04",27842283,"C","T",8.8524003530428,1.76680989296401,2.13427857377947e-08
"Chr06_4280196","Chr06",4280196,"G","A",10.2469735789769,1.7996928755092,6.35221942733979e-10
