"SNP","CHROM","POS","REF","ALT","Effect","SE","am2_9.FarmCPU"
"Chr01_64874684","Chr01",64874684,"C","G",6.83727526170379,1.25228892358209,6.75876211084038e-10
"Chr02_38310584","Chr02",38310584,"T","A",15.0806305363422,2.75021195895723,7.04425335271823e-10
"Chr03_52732372","Chr03",52732372,"G","A",7.77050644056398,1.41959317632686,1.72975850683812e-09
"Chr06_24139214","Chr06",24139214,"G","A",9.1381803410268,1.84254878528113,8.94358229184448e-09
"Chr06_54341729","Chr06",54341729,"A","T",6.35091503672958,1.19436683386304,1.15976826845205e-09
"Chr08_58927395","Chr08",58927395,"T","G",9.9211822315766,1.99604677681491,6.80904107012242e-09
"Chr09_2502240","Chr09",2502240,"G","A",4.90884306510232,1.00060543289775,1.54579708805633e-08
"Chr10_43925325","Chr10",43925325,"G","T",8.23740722448443,1.19607215852581,5.6869637879704e-13
