"SNP","CHROM","POS","REF","ALT","Effect","SE","am2_25.FarmCPU"
"Chr03_56520108","Chr03",56520108,"A","G",9.97031607427484,1.66517229821682,8.45967923236363e-11
"Chr06_25434793","Chr06",25434793,"C","T",-6.95567041314397,1.56899589371268,3.57340237543495e-08
"Chr09_50666740","Chr09",50666740,"G","A",8.4499684924367,1.03083532632709,1.3296197711518e-16
