"SNP","CHROM","POS","REF","ALT","Effect","SE","am2_77.FarmCPU"
"Chr03_56520108","Chr03",56520108,"A","G",9.55127935238366,1.66979723352459,1.10685700639282e-10
"Chr04_11229736","Chr04",11229736,"A","G",9.75740431208573,1.50801256899984,3.74867200601936e-12
"Chr07_17317281","Chr07",17317281,"C","T",-13.2129384043765,2.59599126339026,7.87347578914066e-09
"Chr08_45602786","Chr08",45602786,"G","A",11.6661020188583,1.72171928425448,5.61443027613622e-13
"Chr10_15394760","Chr10",15394760,"G","A",12.2866861210187,2.6002312376231,3.17152269466556e-08
"Chr10_60604338","Chr10",60604338,"T","G",11.9192339474359,1.9119892721209,3.51240376273355e-12
