"SNP","CHROM","POS","REF","ALT","Effect","SE","am2_14.FarmCPU"
"Chr01_56751918","Chr01",56751918,"C","T",8.72260201687105,1.57645197458501,1.05626878637088e-09
"Chr01_67658088","Chr01",67658088,"A","T",5.3989946793306,0.954352284209013,5.06261592471259e-10
"Chr02_6935732","Chr02",6935732,"C","T",6.58476947947411,1.14044817760397,1.44584096480131e-10
"Chr03_56520108","Chr03",56520108,"A","G",8.54034701241461,1.30817525114521,3.63059073707934e-12
"Chr05_5060741","Chr05",5060741,"A","T",7.29468841267383,1.46606706239104,1.50275582676146e-08
