"SNP","CHROM","POS","REF","ALT","Effect","SE","am2_88.FarmCPU"
"Chr01_57944076","Chr01",57944076,"A","C",6.58214466789536,0.957205474749824,4.16560625864172e-13
"Chr03_56520108","Chr03",56520108,"A","G",7.34246384758596,1.53515802796791,3.41076295259118e-08
"Chr08_11756350","Chr08",11756350,"A","G",16.8564071011709,2.36745557502418,1.18871373205938e-13
"Chr10_25173735","Chr10",25173735,"T","A",-5.28997036150672,1.19045536750308,3.91973101311813e-08
