"SNP","CHROM","POS","REF","ALT","Effect","SE","am3_82.FarmCPU"
"Chr01_14017644","Chr01",14017644,"T","C",6.3167681481655,0.90051495161172,1.27120587278371e-13
"Chr01_51881116","Chr01",51881116,"G","A",8.91487916841747,1.53380159104255,2.93545066329437e-10
"Chr02_899235","Chr02",899235,"T","C",-5.26855054259057,0.93005905371333,2.88825075798961e-10
"Chr02_64232671","Chr02",64232671,"C","T",5.0968797881865,0.959775533413815,1.37500584161357e-09
"Chr03_34483928","Chr03",34483928,"T","G",-10.128840752234,1.86895743256745,1.91409735454415e-09
"Chr05_13103063","Chr05",13103063,"T","C",5.20615470552665,0.910911866358463,1.34136188523476e-10
"Chr05_61773668","Chr05",61773668,"G","T",5.46322079036439,1.18241966942411,3.74488271899569e-08
"Chr10_46068289","Chr10",46068289,"G","A",12.6892632216378,2.0373075728256,1.29987118704913e-11
