"SNP","CHROM","POS","REF","ALT","Effect","SE","am3_49.FarmCPU"
"Chr01_9796551","Chr01",9796551,"A","G",10.4666310861983,1.43337925677412,2.69705001474969e-14
"Chr06_11136106","Chr06",11136106,"A","C",-9.83228614786218,2.359545696494,1.00281100315877e-08
"Chr10_49940534","Chr10",49940534,"G","A",9.98781858576242,1.71610123633171,1.68458976428727e-10
