"SNP","CHROM","POS","REF","ALT","Effect","SE","am3_25.FarmCPU"
"Chr05_2663278","Chr05",2663278,"T","G",7.87600063328258,1.318483923678,8.25859572845066e-11
"Chr09_44655399","Chr09",44655399,"C","T",7.43721726725647,1.57821757117296,1.70272803179767e-08
"Chr09_49966701","Chr09",49966701,"C","G",-8.99767700182353,1.82632774325207,1.20716243885108e-08
"Chr10_7036622","Chr10",7036622,"T","A",14.2164757626586,1.90629192466468,3.83921458718363e-15
"Chr10_46068289","Chr10",46068289,"G","A",11.5540004888071,2.30470249937004,2.57059666055784e-08
