"SNP","CHROM","POS","REF","ALT","Effect","SE","am_18.FarmCPU"
"Chr02_54218386","Chr02",54218386,"T","G",4.03314460999921,0.821082953157409,7.84496775860783e-09
"Chr02_73132646","Chr02",73132646,"A","C",9.43198850322086,1.51755349402849,1.91845946912201e-12
"Chr03_59139591","Chr03",59139591,"T","A",5.54426228187972,0.998438009704394,8.10783689547399e-10
"Chr06_24742558","Chr06",24742558,"T","C",4.2135800077041,0.925685356840745,1.88838478812903e-09
"Chr07_10083511","Chr07",10083511,"G","A",-4.94673637655322,0.989007785283096,3.28614275382141e-08
