"SNP","CHROM","POS","REF","ALT","Effect","SE","am_14.FarmCPU"
"Chr01_9868455","Chr01",9868455,"A","T",10.1086494206782,1.6871474175273,6.57698210028568e-11
"Chr03_56738842","Chr03",56738842,"A","G",4.05078797697467,0.740488039737203,8.7490771841102e-10
"Chr05_5060741","Chr05",5060741,"A","T",7.85006864992164,1.25992274785182,3.3270798194444e-11
"Chr05_61804289","Chr05",61804289,"C","T",2.92158008901547,0.612079320019947,1.38513970778062e-08
