"SNP","CHROM","POS","REF","ALT","Effect","SE","am_16.FarmCPU"
"Chr05_23591438","Chr05",23591438,"T","C",6.39921594394244,1.1183248635144,1.8319455730735e-10
"Chr05_58819347","Chr05",58819347,"A","G",-5.96570822380022,1.19370984350463,1.198557402596e-08
"Chr08_10429470","Chr08",10429470,"C","T",4.81971267598785,0.882831455138119,9.36141904471151e-10
"Chr08_19223876","Chr08",19223876,"T","C",-5.403750786839,0.864362119491423,7.54639718839264e-12
"Chr08_44524188","Chr08",44524188,"G","A",4.80608621470267,1.02597656411943,3.58277956631413e-08
"Chr08_54172878","Chr08",54172878,"A","G",4.40685396832225,0.866016593818493,4.14526445767702e-09
"Chr09_787959","Chr09",787959,"C","A",-4.08980179851256,0.787142209384805,3.33613258694397e-09
"Chr10_26682302","Chr10",26682302,"C","T",7.33243111230167,1.1371451005674,8.21227984572696e-12
