"SNP","CHROM","POS","REF","ALT","Effect","SE","am_19.FarmCPU"
"Chr02_53403506","Chr02",53403506,"C","T",6.97511124605108,1.30524247538959,7.3199424647369e-10
"Chr04_24508974","Chr04",24508974,"C","T",7.74465160499928,1.16755261689941,1.9637283074569e-12
"Chr05_15390622","Chr05",15390622,"A","G",3.9907763392347,0.819660714617034,2.4413616342681e-08
"Chr06_22519387","Chr06",22519387,"A","G",8.74708815184031,1.15053488536623,1.06288265478698e-14
