"SNP","CHROM","POS","REF","ALT","Effect","SE","am_15.FarmCPU"
"Chr01_78773610","Chr01",78773610,"A","C",5.01180584327698,0.644950951227563,1.69580020249126e-16
"Chr04_28019944","Chr04",28019944,"C","T",-3.53448508605534,0.75733887623458,2.44809922485737e-08
"Chr05_12109370","Chr05",12109370,"T","C",6.95523610974448,1.17976580576691,1.36349765653331e-11
"Chr06_44054153","Chr06",44054153,"T","C",5.52389415215781,0.995955667705457,9.26862523929678e-10
"Chr07_25868024","Chr07",25868024,"C","T",6.59290347005474,1.35597672818334,2.12950002192021e-08
"Chr10_6992905","Chr10",6992905,"C","A",-3.90621047231126,0.835965997397844,1.72204498776886e-08
"Chr10_37605711","Chr10",37605711,"T","G",-4.79745549370845,1.01000249012627,4.19059355254927e-08
