"SNP","CHROM","POS","REF","ALT","Effect","SE","am_10.FarmCPU"
"Chr03_59139591","Chr03",59139591,"T","A",7.45608385608477,1.50151881084377,1.67100661354173e-08
"Chr06_40810116","Chr06",40810116,"A","G",7.53196401309906,1.26662891555947,1.35669076721136e-10
"Chr09_14091494","Chr09",14091494,"A","G",6.62515078302669,1.47820561978405,1.13436533355506e-08
