"SNP","CHROM","POS","REF","ALT","Effect","SE","am_11.FarmCPU"
"Chr01_9868455","Chr01",9868455,"A","T",9.8727332156121,1.83852268461815,8.98359253731208e-10
"Chr02_38310584","Chr02",38310584,"T","A",14.822206526777,1.87759792441496,2.60540908358428e-16
"Chr03_6978438","Chr03",6978438,"G","A",5.3015586395253,1.05318957721469,3.52813857461983e-09
"Chr03_10142794","Chr03",10142794,"G","A",5.87697743843002,1.07146047301125,5.10742129815279e-10
"Chr05_5060741","Chr05",5060741,"A","T",6.61406687003663,1.19181399194395,7.22479945111948e-10
"Chr07_10083511","Chr07",10083511,"G","A",-5.24301813637162,1.11529475772736,4.5763539967753e-08
"Chr09_788631","Chr09",788631,"A","G",-4.49640895123391,0.850359458998826,3.27385761856587e-09
"Chr09_30757519","Chr09",30757519,"C","A",8.41693164777695,1.70823289771867,9.80593985140187e-09
