"SNP","CHROM","POS","REF","ALT","Effect","SE","am_22.FarmCPU"
"Chr01_62718465","Chr01",62718465,"C","T",5.12904197503505,0.938041364174108,8.41268704702783e-10
"Chr02_53403506","Chr02",53403506,"C","T",9.71069926280944,1.48229132205995,1.00631664293953e-12
"Chr03_58620417","Chr03",58620417,"G","T",3.94814118163014,0.796907914436928,2.56645458896792e-08
"Chr03_59139591","Chr03",59139591,"T","A",7.52810176397895,1.12500594487921,1.01194960571904e-12
"Chr04_24508974","Chr04",24508974,"C","T",6.53471137055272,1.26458370456451,1.59476106127706e-09
"Chr04_47922392","Chr04",47922392,"A","G",4.32144585460089,0.833700442748039,6.04181185864851e-09
"Chr07_25868024","Chr07",25868024,"C","T",6.8736224939184,1.36988424966534,8.43386430436857e-09
"Chr09_56396200","Chr09",56396200,"C","T",7.55904553204169,1.4497724881022,2.19729870614146e-09
