"SNP","CHROM","POS","REF","ALT","Effect","SE","am_2.FarmCPU"
"Chr01_67658088","Chr01",67658088,"A","T",3.31172237445868,0.66610532695266,9.03581201701716e-09
"Chr02_42574185","Chr02",42574185,"G","A",9.99258442376045,1.6757982934673,5.75617562751925e-11
"Chr03_51282360","Chr03",51282360,"T","G",4.50567311424437,0.944767086548921,4.53451544788678e-08
"Chr05_27406053","Chr05",27406053,"A","G",-4.50995193722633,0.786006490993572,2.88658404378603e-11
"Chr07_60993980","Chr07",60993980,"C","T",5.04704588653842,1.0274603399199,7.41323830458352e-09
"Chr10_16310786","Chr10",16310786,"T","C",5.68643246642816,0.966003178923141,7.96286867721998e-11
