"SNP","CHROM","POS","REF","ALT","Effect","SE","am_21.FarmCPU"
"Chr01_13990991","Chr01",13990991,"G","A",3.9876031563093,0.585764925538456,8.99950273822223e-13
"Chr05_5060741","Chr05",5060741,"A","T",5.49376841582468,1.04329087647326,8.40451352990634e-09
