"SNP","CHROM","POS","REF","ALT","Effect","SE","am_32.FarmCPU"
"Chr01_77851217","Chr01",77851217,"A","G",6.99227303641954,1.40882658123573,2.79534896425449e-08
"Chr05_29895612","Chr05",29895612,"A","G",10.3272035026971,1.46370614471761,4.52350425151665e-13
"Chr05_65733791","Chr05",65733791,"C","T",6.80072949230383,1.23937575192921,7.29154685200487e-10
"Chr07_25868024","Chr07",25868024,"C","T",9.55068672136067,1.44434844031706,4.63953137886056e-12
