"SNP","CHROM","POS","REF","ALT","Effect","SE","am_35.FarmCPU"
"Chr02_6935732","Chr02",6935732,"C","T",4.21855855994723,0.796897332446093,2.33499215715293e-09
"Chr02_53774898","Chr02",53774898,"C","G",6.66278198851373,1.10812099362252,1.11136415357044e-10
"Chr03_59139591","Chr03",59139591,"T","A",7.63884741107173,1.10519245950866,3.5804719348785e-13
"Chr05_2262478","Chr05",2262478,"C","G",3.36287693542346,0.516320874846738,3.50808643445257e-12
"Chr06_23691090","Chr06",23691090,"A","G",5.13422929677244,1.01244000512783,1.44224998167322e-08
"Chr06_29164241","Chr06",29164241,"A","C",5.76550463795114,1.13507485393222,3.10163829485184e-09
