"SNP","CHROM","POS","REF","ALT","Effect","SE","am_34.FarmCPU"
"Chr02_55185373","Chr02",55185373,"C","T",5.88736389517993,1.11601392447734,6.79683157427872e-10
"Chr05_12109370","Chr05",12109370,"T","C",9.57608725470637,1.27480563103746,4.66447483678774e-15
"Chr06_23691090","Chr06",23691090,"A","G",5.56340756229207,1.08306961666049,3.65552658050165e-09
"Chr06_49739486","Chr06",49739486,"C","A",-5.51852099988381,1.05765804281035,9.79021377563224e-10
"Chr10_6992905","Chr10",6992905,"C","A",-3.58990912919423,0.728941525539317,1.12364135073744e-08
"Chr10_26682302","Chr10",26682302,"C","T",6.46523018818187,1.10553229066191,2.01655652896719e-10
