"SNP","CHROM","POS","REF","ALT","Effect","SE","am_33.FarmCPU"
"Chr02_6935732","Chr02",6935732,"C","T",6.48726698051996,0.968776027455419,2.17485041710289e-12
"Chr02_73720406","Chr02",73720406,"C","G",3.31818995148206,0.611337929104826,5.21605092622882e-10
"Chr05_12109370","Chr05",12109370,"T","C",6.6030518226001,1.31107162720912,8.64172322405134e-09
"Chr10_43759679","Chr10",43759679,"A","G",6.69408065189223,0.924487384087361,4.83123324591233e-15
