"SNP","CHROM","POS","REF","ALT","Effect","SE","am_48.FarmCPU"
"Chr02_54218148","Chr02",54218148,"C","A",5.15787303053247,0.860713102515573,4.74354063379935e-11
"Chr05_12109370","Chr05",12109370,"T","C",7.81285187034658,1.44750389083727,1.86568214329861e-09
