"SNP","CHROM","POS","REF","ALT","Effect","SE","am_43.FarmCPU"
"Chr01_9868455","Chr01",9868455,"A","T",11.0738192149876,1.55635828558005,1.14202152223446e-13
"Chr02_28325853","Chr02",28325853,"A","G",5.53477042258204,1.01814051178039,1.8573704972724e-09
"Chr02_54218386","Chr02",54218386,"T","G",5.95846806222293,0.968040409766852,2.40878348884546e-11
"Chr03_23721267","Chr03",23721267,"C","T",5.49601103572652,0.866941975753522,4.47954792089338e-12
"Chr03_67974775","Chr03",67974775,"A","G",-3.87562513300411,0.711968319003707,1.54859873135159e-09
"Chr04_63433593","Chr04",63433593,"A","C",3.7433458290556,0.74284006096761,4.61604298538292e-09
"Chr10_7322953","Chr10",7322953,"C","T",3.36755037775793,0.562983833937823,1.33170290544829e-10
