"SNP","CHROM","POS","REF","ALT","Effect","SE","am_49.FarmCPU"
"Chr02_38310584","Chr02",38310584,"T","A",7.97075456513353,1.73997687199086,2.03217909896468e-08
"Chr02_73698712","Chr02",73698712,"C","T",3.30575887336505,0.610756984499021,2.70155370606246e-10
"Chr02_75364521","Chr02",75364521,"G","A",3.04776735857653,0.601949786984666,8.94887809378958e-09
"Chr03_59139591","Chr03",59139591,"T","A",6.79261246131093,1.10183706496628,4.66113258691199e-12
"Chr05_12109370","Chr05",12109370,"T","C",7.98822716174567,1.20719608904997,9.75095668919787e-14
"Chr05_63000387","Chr05",63000387,"G","T",9.29972951585936,1.99149044477781,7.90778716419903e-09
"Chr07_10083511","Chr07",10083511,"G","A",-6.1007036377553,0.993048853494434,1.14448387433732e-11
"Chr10_59413802","Chr10",59413802,"T","C",2.63699552134793,0.548711811463795,5.8611389246289e-09
