"SNP","CHROM","POS","REF","ALT","Effect","SE","am_46.FarmCPU"
"Chr03_51282360","Chr03",51282360,"T","G",4.37777443656435,0.861537822107301,1.02728581279084e-08
"Chr04_13620144","Chr04",13620144,"C","T",7.26458099692302,1.28208885546969,3.73428330837711e-10
"Chr08_61957661","Chr08",61957661,"G","A",3.15183334082075,0.612873841136451,4.1810375308689e-09
"Chr09_787959","Chr09",787959,"C","A",-5.80441208881362,0.704829962373431,1.3860075687599e-16
"Chr10_43759679","Chr10",43759679,"A","G",4.34699906713769,0.868614006373594,4.39683049774364e-09
