"SNP","CHROM","POS","REF","ALT","Effect","SE","am_52.FarmCPU"
"Chr01_53513369","Chr01",53513369,"C","T",-2.88794963868301,0.611874002055462,4.28257779580931e-08
"Chr02_42574185","Chr02",42574185,"G","A",10.6868496281394,1.55746291394599,1.20753608026872e-12
"Chr05_12109370","Chr05",12109370,"T","C",6.01370664169198,1.21166286548071,2.18086369413341e-08
"Chr06_38520190","Chr06",38520190,"G","A",-6.42128945697107,1.39024211371427,8.46464039935062e-09
"Chr06_41390777","Chr06",41390777,"T","A",8.36011369433187,1.08178116843332,2.09619831763809e-15
"Chr10_2291304","Chr10",2291304,"C","T",5.00617126428167,0.895217673876047,4.10935401906618e-10
"Chr10_27498346","Chr10",27498346,"A","G",-4.26900796804661,0.830697106403422,1.51722671379641e-09
