"SNP","CHROM","POS","REF","ALT","Effect","SE","am_53.FarmCPU"
"Chr01_67658088","Chr01",67658088,"A","T",3.9451801259765,0.782917631802129,1.77839914122596e-08
"Chr02_38310584","Chr02",38310584,"T","A",10.7999117762937,2.17562543071614,1.96912152669452e-08
"Chr06_41390777","Chr06",41390777,"T","A",6.56324184876342,1.27152110861863,9.32650588867979e-09
