"SNP","CHROM","POS","REF","ALT","Effect","SE","am_59.FarmCPU"
"Chr01_62659038","Chr01",62659038,"G","A",6.74440094376427,1.18616998993653,4.87319135853469e-10
"Chr02_38310584","Chr02",38310584,"T","A",8.76597764618374,1.84783853102479,2.68576112765198e-08
"Chr02_54218148","Chr02",54218148,"C","A",5.82314207060421,0.942587709187481,1.63986664127841e-11
"Chr04_24508974","Chr04",24508974,"C","T",7.41786781451762,1.22591157754284,1.17197775280929e-11
"Chr08_52250489","Chr08",52250489,"A","C",6.49603020361184,1.2061341187405,1.4235502339595e-09
