"SNP","CHROM","POS","REF","ALT","Effect","SE","am_57.FarmCPU"
"Chr01_76828262","Chr01",76828262,"A","G",-3.780810321639,0.737106315389023,3.12443530895888e-09
"Chr02_53403506","Chr02",53403506,"C","T",6.90882100467893,1.42085222310428,3.3990981025623e-08
"Chr03_59139591","Chr03",59139591,"T","A",6.05761212868158,1.18601579142968,5.34353463483601e-09
"Chr06_15571101","Chr06",15571101,"A","G",-7.24026261122592,1.49515297675151,3.21572804803081e-08
"Chr06_27568559","Chr06",27568559,"C","T",-7.90218000976289,1.4904813610515,1.95124308686055e-10
