"SNP","CHROM","POS","REF","ALT","Effect","SE","am_5.FarmCPU"
"Chr03_56021709","Chr03",56021709,"G","T",3.90211437522456,0.78678216448422,8.94896399978133e-09
"Chr04_10264095","Chr04",10264095,"G","A",3.70687684552243,0.716796072554912,4.94845842062397e-09
"Chr05_5060741","Chr05",5060741,"A","T",7.0106902254578,1.15510292690682,5.73324336037919e-11
"Chr07_61096341","Chr07",61096341,"T","C",4.57474582418222,0.905381706693092,5.48875973282072e-09
"Chr10_58913110","Chr10",58913110,"C","T",2.71434906585404,0.520968667074148,4.94632993324389e-09
