"SNP","CHROM","POS","REF","ALT","Effect","SE","am_58.FarmCPU"
"Chr02_54218148","Chr02",54218148,"C","A",5.69162752911927,0.967259392092307,1.09983475522935e-10
"Chr05_56002293","Chr05",56002293,"T","G",-5.25519048975852,0.958629793080505,1.02692487876584e-09
"Chr07_10083511","Chr07",10083511,"G","A",-6.21322181555445,1.09041587540948,4.05078507422407e-10
"Chr07_61136142","Chr07",61136142,"A","C",5.83286732720794,0.929382895149929,9.12516646289997e-12
