"SNP","CHROM","POS","REF","ALT","Effect","SE","am_63.FarmCPU"
"Chr01_63001674","Chr01",63001674,"A","G",8.88606849469883,1.50441570538865,9.35012588830841e-11
"Chr02_54218148","Chr02",54218148,"C","A",6.78084354113533,0.917566832681627,2.43504537964362e-14
"Chr03_34239659","Chr03",34239659,"A","G",7.82443489991117,1.20756943599169,3.85498764682728e-12
"Chr06_41390777","Chr06",41390777,"T","A",8.39708527437271,1.17223805726939,6.23833281288591e-14
"Chr10_43759679","Chr10",43759679,"A","G",4.75544669004749,0.988212590327458,2.15659744872935e-08
