"SNP","CHROM","POS","REF","ALT","Effect","SE","am_6.FarmCPU"
"Chr02_1953492","Chr02",1953492,"T","G",5.37095410938157,0.967899969400104,7.63963692851678e-10
"Chr02_53403506","Chr02",53403506,"C","T",9.63699764671033,1.36646143573463,1.18795852205397e-13
"Chr02_56794364","Chr02",56794364,"G","A",-3.35623517386539,0.66570454268956,1.17540570089572e-08
"Chr05_12109370","Chr05",12109370,"T","C",6.28491852839212,1.32517216665338,2.37566991502842e-08
"Chr09_24703521","Chr09",24703521,"G","C",4.1865722415757,0.866665975641146,2.97149547363058e-08
"Chr10_7216278","Chr10",7216278,"G","C",3.83706739691057,0.709589504703583,2.01314825579425e-09
