"SNP","CHROM","POS","REF","ALT","Effect","SE","am_69.FarmCPU"
"Chr01_29533061","Chr01",29533061,"A","T",-4.1462485938888,0.67219987657367,7.36982552497187e-12
"Chr01_78311740","Chr01",78311740,"C","T",2.60610301033615,0.565993071938011,4.21906731787069e-08
"Chr02_54218148","Chr02",54218148,"C","A",5.38690221740731,0.78611872561262,3.37066075323098e-13
"Chr02_73557084","Chr02",73557084,"G","A",3.5844916716865,0.750782836520453,2.61445006623825e-08
"Chr05_2255104","Chr05",2255104,"T","G",2.92582215523654,0.594950072326126,3.20117999184407e-08
"Chr05_5060741","Chr05",5060741,"A","T",6.7806179776454,1.01979486834538,1.43831867355431e-12
