"SNP","CHROM","POS","REF","ALT","Effect","SE","am_61.FarmCPU"
"Chr02_5588957","Chr02",5588957,"G","A",3.46997416404288,0.697672775898826,1.14051730144926e-08
"Chr02_10798741","Chr02",10798741,"G","A",-4.82591984073428,1.01912218075757,3.87994391972307e-08
"Chr02_38310584","Chr02",38310584,"T","A",13.2680843726028,1.92534258377768,1.90867618001527e-13
"Chr02_55185373","Chr02",55185373,"C","T",6.71130345346993,1.1708836544686,9.68589469953498e-11
"Chr05_16564084","Chr05",16564084,"A","G",6.12875553509847,1.23629023102493,1.77308876181033e-08
"Chr08_38832741","Chr08",38832741,"A","G",4.753377653648,0.991197361202969,1.42628397081168e-08
"Chr10_22453780","Chr10",22453780,"T","A",-5.30369016780984,1.03386202954809,8.44832842684079e-09
"Chr10_43759652","Chr10",43759652,"G","T",7.68408919985211,0.916773838806358,2.58866473727704e-17
