"SNP","CHROM","POS","REF","ALT","Effect","SE","am_73.FarmCPU"
"Chr01_27314334","Chr01",27314334,"T","C",-6.72683531989504,1.2923663427188,3.01067931973971e-09
"Chr01_51379582","Chr01",51379582,"C","A",-3.19633350333844,0.648973214631453,1.68012798752041e-08
"Chr01_67658088","Chr01",67658088,"A","T",3.57273640644386,0.650144877830679,1.164325381436e-09
"Chr01_78312438","Chr01",78312438,"T","C",3.31933281735016,0.606740165826775,1.03575156975525e-09
"Chr02_53403506","Chr02",53403506,"C","T",6.99275827814981,1.45541679726052,2.00759334215267e-08
"Chr05_12109370","Chr05",12109370,"T","C",10.51890759569,1.38845162200991,8.4359354267721e-15
"Chr09_56390617","Chr09",56390617,"C","G",6.52165971864612,1.25606489259906,2.19320240242566e-09
"Chr10_7216278","Chr10",7216278,"G","C",4.30395598330583,0.73367738867255,5.93289357103034e-11
