"SNP","CHROM","POS","REF","ALT","Effect","SE","am_77.FarmCPU"
"Chr01_51980865","Chr01",51980865,"T","C",4.31678265320437,0.926204551997363,4.00747921648495e-08
"Chr05_16564084","Chr05",16564084,"A","G",8.23208395702121,1.21690126686509,1.0100172737224e-12
"Chr05_65733791","Chr05",65733791,"C","T",5.44982790807754,1.07743283115625,1.12772783043134e-08
"Chr07_10791487","Chr07",10791487,"C","T",4.93429603289749,1.00505956662982,6.83383027169417e-09
"Chr10_39588257","Chr10",39588257,"C","T",-4.29807686796264,0.983917754512258,1.39524939691224e-08
"Chr10_43759652","Chr10",43759652,"G","T",6.70673612906426,0.928297824006009,6.94717542111488e-14
