"SNP","CHROM","POS","REF","ALT","Effect","SE","am_79.FarmCPU"
"Chr01_47616009","Chr01",47616009,"A","C",8.4972802195746,1.23998188083171,7.51502463583473e-13
"Chr03_50613051","Chr03",50613051,"T","C",7.97507166385703,1.36439820508246,1.04218163105153e-10
"Chr05_5016902","Chr05",5016902,"C","T",-2.82299054589258,0.521490645826631,2.60312900214578e-09
"Chr07_26364603","Chr07",26364603,"G","A",-6.55898213298248,1.17409592834254,4.58455025885468e-10
"Chr07_52334811","Chr07",52334811,"G","A",6.5518803465924,0.895838193693732,2.65525818942308e-14
"Chr09_11835891","Chr09",11835891,"A","G",4.14581338791086,0.717078462227582,2.78853253228986e-10
"Chr10_8909962","Chr10",8909962,"A","C",4.0651213692096,0.734766155761538,1.21283912291444e-09
