"SNP","CHROM","POS","REF","ALT","Effect","SE","am_80.FarmCPU"
"Chr02_38310584","Chr02",38310584,"T","A",11.3119496781241,2.02494247095724,1.8822892885025e-10
"Chr03_6696619","Chr03",6696619,"A","C",-2.93096746186284,0.613026718875535,1.43333266173833e-08
"Chr03_50619487","Chr03",50619487,"C","A",6.22465777900894,1.08808776107789,1.23865969013105e-10
"Chr05_5060741","Chr05",5060741,"A","T",6.22022872407464,1.06927586144,7.39515928192991e-11
"Chr08_52250489","Chr08",52250489,"A","C",7.11940412308214,1.14295903558298,3.08909827946672e-12
"Chr09_37841348","Chr09",37841348,"T","C",8.15089982625499,1.62109076735813,1.00319444978674e-08
