"SNP","CHROM","POS","REF","ALT","Effect","SE","am_8.FarmCPU"
"Chr06_40810116","Chr06",40810116,"A","G",6.45340051690499,1.19936674902293,7.07944897622915e-11
"Chr10_6911790","Chr10",6911790,"T","C",4.04762847865782,0.778716512905419,8.33213903681313e-09
