"SNP","CHROM","POS","REF","ALT","Effect","SE","am_83.FarmCPU"
"Chr01_67658088","Chr01",67658088,"A","T",3.54960411330437,0.733422426763311,4.19964741497521e-08
"Chr03_50619487","Chr03",50619487,"C","A",8.17372392000965,1.22363452550401,1.31613939793796e-12
"Chr05_34562845","Chr05",34562845,"T","C",6.517240045195,1.05075696608565,2.91198712039202e-11
"Chr06_19588264","Chr06",19588264,"T","G",-5.79454475957235,1.02549751815809,8.5595880766069e-10
