"SNP","CHROM","POS","REF","ALT","Effect","SE","am_99.FarmCPU"
"Chr02_38310584","Chr02",38310584,"T","A",13.6848859369632,2.01539826654491,4.23953142716895e-13
"Chr02_53403506","Chr02",53403506,"C","T",7.51737045627908,1.35201779563634,1.37217614202812e-09
"Chr03_24266898","Chr03",24266898,"T","C",4.32763991869036,0.792970991627602,5.3015237258151e-10
"Chr05_65733791","Chr05",65733791,"C","T",6.56370552737549,1.16546409209062,3.87108744675121e-11
"Chr06_59023619","Chr06",59023619,"C","A",2.85692122203206,0.6004418130809,2.44800630636453e-08
"Chr07_10083511","Chr07",10083511,"G","A",-6.48431521372881,1.10449370009822,1.35604282228435e-10
"Chr07_22319580","Chr07",22319580,"G","A",4.28764899075706,0.895159426369612,1.43694744761401e-08
"Chr10_43759679","Chr10",43759679,"A","G",5.22871767550328,0.967681609606358,5.68060432479516e-10
