"SNP","CHROM","POS","REF","ALT","Effect","SE","am_92.FarmCPU"
"Chr04_10243714","Chr04",10243714,"C","T",5.26001042084518,0.891727231344984,4.00185269478447e-10
"Chr05_34587100","Chr05",34587100,"G","A",-5.77447507013059,1.19045073479252,7.1156490275722e-10
"Chr06_28361059","Chr06",28361059,"C","T",-7.89261043829399,1.61938130578898,1.66554192196748e-10
"Chr07_39999821","Chr07",39999821,"G","C",-9.70366652183995,1.34151957912363,6.99215095568567e-14
"Chr07_61167336","Chr07",61167336,"C","G",9.71628721561081,1.55898887065226,2.20587004373033e-11
"Chr08_45673999","Chr08",45673999,"G","A",5.78355471893817,1.0999636429985,5.24881055038386e-09
"Chr09_56446959","Chr09",56446959,"C","A",5.02274538838768,0.872707210450699,2.05628361057762e-10
"Chr10_7076245","Chr10",7076245,"G","T",-5.09216774733894,1.02175298965895,8.2752781033084e-09
