"SNP","CHROM","POS","REF","ALT","Effect","SE","am_93.FarmCPU"
"Chr02_53403506","Chr02",53403506,"C","T",8.31024705314919,1.32940491532739,1.59499500516221e-11
"Chr03_47416709","Chr03",47416709,"T","C",7.74001055191141,1.57004827716548,3.57111414004345e-09
"Chr09_787959","Chr09",787959,"C","A",-4.17771198677511,0.746900860810062,1.76446308516809e-10
"Chr10_7216278","Chr10",7216278,"G","C",4.59062980706356,0.646764849435944,1.24847731463236e-13
"Chr10_53020996","Chr10",53020996,"T","A",7.16090978767731,1.34129371479301,4.41667290971119e-09
