"SNP","CHROM","POS","REF","ALT","Effect","SE","am_98.FarmCPU"
"Chr02_38310584","Chr02",38310584,"T","A",13.7656064205526,2.26494880836301,1.91725277400537e-11
"Chr03_10143531","Chr03",10143531,"C","A",6.39110642817022,1.17410596703131,2.96169258082962e-11
"Chr03_16355482","Chr03",16355482,"T","A",6.97325760763631,1.29982875960662,2.56373428437186e-09
"Chr05_5060741","Chr05",5060741,"A","T",8.09322789245247,1.42342989329245,1.11953382983683e-09
