"SNP","CHROM","POS","REF","ALT","Effect","SE","blueglm5.FarmCPU"
"Chr03_56021709","Chr03",56021709,"G","T",3.90211437522457,0.786782164484238,8.94896399977133e-09
"Chr04_10264095","Chr04",10264095,"G","A",3.70687684552242,0.716796072554928,4.94845842062196e-09
"Chr05_5060741","Chr05",5060741,"A","T",7.01069022545778,1.15510292690685,5.73324336038503e-11
"Chr07_61096341","Chr07",61096341,"T","C",4.57474582418225,0.905381706693112,5.48875973281531e-09
"Chr10_58913110","Chr10",58913110,"C","T",2.71434906585404,0.52096866707416,4.94632993323845e-09
