"SNP","CHROM","POS","REF","ALT","Effect","SE","blueglm69.FarmCPU"
"Chr01_29533061","Chr01",29533061,"A","T",-4.1462485938888,0.672199876573646,7.36982552496193e-12
"Chr01_78311740","Chr01",78311740,"C","T",2.60610301033612,0.565993071937991,4.21906731788826e-08
"Chr02_54218148","Chr02",54218148,"C","A",5.38690221740728,0.786118725612593,3.37066075321653e-13
"Chr02_73557084","Chr02",73557084,"G","A",3.5844916716865,0.750782836520427,2.61445006624108e-08
"Chr05_2255104","Chr05",2255104,"T","G",2.92582215523657,0.594950072326105,3.20117999183578e-08
"Chr05_5060741","Chr05",5060741,"A","T",6.78061797764533,1.01979486834535,1.43831867355722e-12
