"SNP","CHROM","POS","REF","ALT","Effect","SE","blueglm16.FarmCPU"
"Chr05_23591438","Chr05",23591438,"T","C",6.39921594394238,1.11832486351438,1.83194557308043e-10
"Chr05_58819347","Chr05",58819347,"A","G",-5.96570822380022,1.1937098435046,1.19855740259481e-08
"Chr08_10429470","Chr08",10429470,"C","T",4.81971267598787,0.882831455138099,9.36141904470289e-10
"Chr08_19223876","Chr08",19223876,"T","C",-5.40375078683903,0.864362119491403,7.54639718835131e-12
"Chr08_44524188","Chr08",44524188,"G","A",4.80608621470277,1.02597656411941,3.58277956629733e-08
"Chr08_54172878","Chr08",54172878,"A","G",4.40685396832227,0.866016593818474,4.1452644577158e-09
"Chr09_787959","Chr09",787959,"C","A",-4.08980179851256,0.787142209384787,3.33613258694577e-09
"Chr10_26682302","Chr10",26682302,"C","T",7.33243111230171,1.13714510056738,8.21227984571071e-12
