"SNP","CHROM","POS","REF","ALT","Effect","SE","blueglm15.FarmCPU"
"Chr01_78773610","Chr01",78773610,"A","C",5.01180584327697,0.644950951227554,1.69580020249071e-16
"Chr04_28019944","Chr04",28019944,"C","T",-3.53448508605535,0.75733887623457,2.44809922485372e-08
"Chr05_12109370","Chr05",12109370,"T","C",6.95523610974451,1.17976580576689,1.36349765652891e-11
"Chr06_44054153","Chr06",44054153,"T","C",5.52389415215784,0.995955667705443,9.26862523930753e-10
"Chr07_25868024","Chr07",25868024,"C","T",6.59290347005475,1.35597672818332,2.129500021918e-08
"Chr10_6992905","Chr10",6992905,"C","A",-3.90621047231125,0.835965997397833,1.72204498776501e-08
"Chr10_37605711","Chr10",37605711,"T","G",-4.79745549370849,1.01000249012626,4.19059355254893e-08
