"SNP","CHROM","POS","REF","ALT","Effect","SE","blueglm32.FarmCPU"
"Chr01_77851217","Chr01",77851217,"A","G",6.99227303641954,1.40882658123578,2.79534896425272e-08
"Chr05_29895612","Chr05",29895612,"A","G",10.3272035026971,1.46370614471766,4.52350425150928e-13
"Chr05_65733791","Chr05",65733791,"C","T",6.80072949230383,1.23937575192925,7.29154685199901e-10
"Chr07_25868024","Chr07",25868024,"C","T",9.55068672136067,1.44434844031711,4.63953137885524e-12
