"SNP","CHROM","POS","REF","ALT","Effect","SE","blueglm21.FarmCPU"
"Chr01_13990991","Chr01",13990991,"G","A",3.98760315630932,0.585764925538399,8.99950273824925e-13
"Chr05_5060741","Chr05",5060741,"A","T",5.49376841582462,1.04329087647315,8.40451352991693e-09
