"SNP","CHROM","POS","REF","ALT","Effect","SE","blueglm10.FarmCPU"
"Chr03_59139591","Chr03",59139591,"T","A",7.45608385608485,1.50151881084386,1.6710066135447e-08
"Chr06_40810116","Chr06",40810116,"A","G",7.53196401309907,1.26662891555955,1.35669076721792e-10
"Chr09_14091494","Chr09",14091494,"A","G",6.62515078302677,1.47820561978414,1.13436533355319e-08
