"SNP","CHROM","POS","REF","ALT","Effect","SE","blueglm57.FarmCPU"
"Chr01_76828262","Chr01",76828262,"A","G",-3.78081032163901,0.737106315389058,3.12443530895438e-09
"Chr02_53403506","Chr02",53403506,"C","T",6.90882100467894,1.42085222310435,3.3990981025681e-08
"Chr03_59139591","Chr03",59139591,"T","A",6.0576121286816,1.18601579142974,5.3435346348266e-09
"Chr06_15571101","Chr06",15571101,"A","G",-7.24026261122586,1.49515297675158,3.21572804802251e-08
"Chr06_27568559","Chr06",27568559,"C","T",-7.90218000976298,1.49048136105157,1.95124308686471e-10
