"SNP","CHROM","POS","REF","ALT","Effect","SE","blueglm59.FarmCPU"
"Chr01_62659038","Chr01",62659038,"G","A",6.74440094376429,1.18616998993655,4.87319135853314e-10
"Chr02_38310584","Chr02",38310584,"T","A",8.7659776461837,1.84783853102482,2.68576112765549e-08
"Chr02_54218148","Chr02",54218148,"C","A",5.82314207060419,0.942587709187496,1.63986664127642e-11
"Chr04_24508974","Chr04",24508974,"C","T",7.41786781451764,1.22591157754286,1.17197775280899e-11
"Chr08_52250489","Chr08",52250489,"A","C",6.49603020361182,1.20613411874052,1.42355023395953e-09
