"SNP","CHROM","POS","REF","ALT","Effect","SE","blueglm8.FarmCPU"
"Chr06_40810116","Chr06",40810116,"A","G",6.45340051690497,1.19936674902294,7.07944897620502e-11
"Chr10_6911790","Chr10",6911790,"T","C",4.04762847865785,0.778716512905426,8.33213903679572e-09
