"SNP","CHROM","POS","REF","ALT","Effect","SE","blueglm33.FarmCPU"
"Chr02_6935732","Chr02",6935732,"C","T",6.48726698051998,0.968776027455379,2.17485041711174e-12
"Chr02_73720406","Chr02",73720406,"C","G",3.31818995148205,0.6113379291048,5.21605092619978e-10
"Chr05_12109370","Chr05",12109370,"T","C",6.6030518226001,1.31107162720907,8.6417232240639e-09
"Chr10_43759679","Chr10",43759679,"A","G",6.69408065189227,0.924487384087323,4.83123324591044e-15
