"SNP","CHROM","POS","REF","ALT","Effect","SE","blueglm58.FarmCPU"
"Chr02_54218148","Chr02",54218148,"C","A",5.69162752911929,0.967259392092268,1.09983475523049e-10
"Chr05_56002293","Chr05",56002293,"T","G",-5.25519048975851,0.958629793080466,1.0269248787737e-09
"Chr07_10083511","Chr07",10083511,"G","A",-6.21322181555449,1.09041587540944,4.05078507420113e-10
"Chr07_61136142","Chr07",61136142,"A","C",5.83286732720799,0.929382895149892,9.12516646289382e-12
