"SNP","CHROM","POS","REF","ALT","Effect","SE","blueglm34.FarmCPU"
"Chr02_55185373","Chr02",55185373,"C","T",5.88736389517996,1.11601392447707,6.79683157427519e-10
"Chr05_12109370","Chr05",12109370,"T","C",9.57608725470637,1.27480563103715,4.66447483694042e-15
"Chr06_23691090","Chr06",23691090,"A","G",5.56340756229201,1.08306961666023,3.65552658054953e-09
"Chr06_49739486","Chr06",49739486,"C","A",-5.51852099988388,1.05765804281009,9.79021377562774e-10
"Chr10_6992905","Chr10",6992905,"C","A",-3.58990912919421,0.72894152553914,1.12364135074667e-08
"Chr10_26682302","Chr10",26682302,"C","T",6.46523018818189,1.10553229066164,2.01655652898396e-10
