"SNP","CHROM","POS","REF","ALT","Effect","SE","blueglm49.FarmCPU"
"Chr02_38310584","Chr02",38310584,"T","A",7.97075456513352,1.73997687199081,2.03217909896527e-08
"Chr02_73698712","Chr02",73698712,"C","T",3.30575887336506,0.610756984499006,2.70155370606291e-10
"Chr02_75364521","Chr02",75364521,"G","A",3.04776735857654,0.601949786984652,8.9488780937692e-09
"Chr03_59139591","Chr03",59139591,"T","A",6.79261246131097,1.10183706496625,4.66113258689574e-12
"Chr05_12109370","Chr05",12109370,"T","C",7.98822716174573,1.20719608904994,9.75095668915853e-14
"Chr05_63000387","Chr05",63000387,"G","T",9.29972951585948,1.99149044477777,7.90778716417825e-09
"Chr07_10083511","Chr07",10083511,"G","A",-6.10070363775538,0.99304885349441,1.14448387433598e-11
"Chr10_59413802","Chr10",59413802,"T","C",2.63699552134795,0.548711811463782,5.86113892462638e-09
