"SNP","CHROM","POS","REF","ALT","Effect","SE","blueglm11.FarmCPU"
"Chr01_9868455","Chr01",9868455,"A","T",9.87273321561209,1.83852268461807,8.9835925373111e-10
"Chr02_38310584","Chr02",38310584,"T","A",14.822206526777,1.87759792441487,2.60540908358877e-16
"Chr03_6978438","Chr03",6978438,"G","A",5.30155863952531,1.05318957721464,3.52813857462651e-09
"Chr03_10142794","Chr03",10142794,"G","A",5.87697743843004,1.0714604730112,5.1074212981482e-10
"Chr05_5060741","Chr05",5060741,"A","T",6.61406687003659,1.19181399194389,7.22479945111116e-10
"Chr07_10083511","Chr07",10083511,"G","A",-5.24301813637168,1.1152947577273,4.57635399677316e-08
"Chr09_788631","Chr09",788631,"A","G",-4.49640895123391,0.850359458998786,3.27385761857015e-09
"Chr09_30757519","Chr09",30757519,"C","A",8.41693164777692,1.70823289771859,9.80593985140085e-09
