"SNP","CHROM","POS","REF","ALT","Effect","SE","blueglm92.FarmCPU"
"Chr04_10243714","Chr04",10243714,"C","T",5.26001042084513,0.891727231344968,4.00185269477474e-10
"Chr05_34587100","Chr05",34587100,"G","A",-5.77447507013055,1.19045073479249,7.11564902757942e-10
"Chr06_28361059","Chr06",28361059,"C","T",-7.8926104382941,1.61938130578895,1.66554192197103e-10
"Chr07_39999821","Chr07",39999821,"G","C",-9.70366652183996,1.3415195791236,6.99215095567785e-14
"Chr07_61167336","Chr07",61167336,"C","G",9.71628721561098,1.55898887065223,2.20587004372321e-11
"Chr08_45673999","Chr08",45673999,"G","A",5.78355471893817,1.09996364299848,5.24881055040224e-09
"Chr09_56446959","Chr09",56446959,"C","A",5.02274538838761,0.872707210450684,2.05628361058136e-10
"Chr10_7076245","Chr10",7076245,"G","T",-5.09216774733894,1.02175298965894,8.2752781032915e-09
