"SNP","CHROM","POS","REF","ALT","Effect","SE","blueglm22.FarmCPU"
"Chr01_62718465","Chr01",62718465,"C","T",5.12904197503503,0.938041364174123,8.4126870470096e-10
"Chr02_53403506","Chr02",53403506,"C","T",9.71069926280953,1.48229132205997,1.0063166429418e-12
"Chr03_58620417","Chr03",58620417,"G","T",3.94814118163016,0.79690791443694,2.56645458897069e-08
"Chr03_59139591","Chr03",59139591,"T","A",7.52810176397897,1.12500594487923,1.01194960572299e-12
"Chr04_24508974","Chr04",24508974,"C","T",6.5347113705528,1.26458370456453,1.59476106127568e-09
"Chr04_47922392","Chr04",47922392,"A","G",4.3214458546009,0.833700442748052,6.04181185864638e-09
"Chr07_25868024","Chr07",25868024,"C","T",6.87362249391846,1.36988424966536,8.43386430437448e-09
"Chr09_56396200","Chr09",56396200,"C","T",7.55904553204159,1.44977248810222,2.19729870614625e-09
