"SNP","CHROM","POS","REF","ALT","Effect","SE","blueglm79.FarmCPU"
"Chr01_47616009","Chr01",47616009,"A","C",8.49728021957454,1.23998188083179,7.51502463582035e-13
"Chr03_50613051","Chr03",50613051,"T","C",7.97507166385706,1.36439820508255,1.04218163105243e-10
"Chr05_5016902","Chr05",5016902,"C","T",-2.82299054589253,0.521490645826663,2.60312900214971e-09
"Chr07_26364603","Chr07",26364603,"G","A",-6.55898213298248,1.17409592834261,4.58455025884827e-10
"Chr07_52334811","Chr07",52334811,"G","A",6.55188034659243,0.895838193693787,2.65525818939989e-14
"Chr09_11835891","Chr09",11835891,"A","G",4.14581338791082,0.717078462227626,2.78853253229284e-10
"Chr10_8909962","Chr10",8909962,"A","C",4.06512136920961,0.734766155761584,1.21283912291141e-09
