"SNP","CHROM","POS","REF","ALT","Effect","SE","blueglm18.FarmCPU"
"Chr02_54218386","Chr02",54218386,"T","G",4.03314460999921,0.821082953157413,7.84496775861027e-09
"Chr02_73132646","Chr02",73132646,"A","C",9.43198850322083,1.5175534940285,1.91845946912312e-12
"Chr03_59139591","Chr03",59139591,"T","A",5.54426228187975,0.998438009704399,8.10783689550379e-10
"Chr06_24742558","Chr06",24742558,"T","C",4.21358000770409,0.92568535684075,1.88838478812737e-09
"Chr07_10083511","Chr07",10083511,"G","A",-4.94673637655321,0.989007785283101,3.28614275382367e-08
