"SNP","CHROM","POS","REF","ALT","Effect","SE","blueglm48.FarmCPU"
"Chr02_54218148","Chr02",54218148,"C","A",5.15787303053245,0.860713102515558,4.7435406338238e-11
"Chr05_12109370","Chr05",12109370,"T","C",7.81285187034664,1.44750389083725,1.8656821432995e-09
