"SNP","CHROM","POS","REF","ALT","Effect","SE","blueglm43.FarmCPU"
"Chr01_9868455","Chr01",9868455,"A","T",11.0738192149876,1.55635828557987,1.14202152223951e-13
"Chr02_28325853","Chr02",28325853,"A","G",5.53477042258208,1.01814051178027,1.85737049728104e-09
"Chr02_54218386","Chr02",54218386,"T","G",5.95846806222292,0.968040409766738,2.40878348883164e-11
"Chr03_23721267","Chr03",23721267,"C","T",5.4960110357266,0.86694197575342,4.47954792087809e-12
"Chr03_67974775","Chr03",67974775,"A","G",-3.87562513300406,0.711968319003624,1.5485987313494e-09
"Chr04_63433593","Chr04",63433593,"A","C",3.74334582905559,0.742840060967523,4.61604298539186e-09
"Chr10_7322953","Chr10",7322953,"C","T",3.36755037775795,0.562983833937757,1.33170290544742e-10
