"SNP","CHROM","POS","REF","ALT","Effect","SE","blueglm14.FarmCPU"
"Chr01_9868455","Chr01",9868455,"A","T",10.1086494206781,1.68714741752753,6.57698210029249e-11
"Chr03_56738842","Chr03",56738842,"A","G",4.05078797697468,0.740488039737302,8.74907718412663e-10
"Chr05_5060741","Chr05",5060741,"A","T",7.85006864992159,1.25992274785199,3.32707981945434e-11
"Chr05_61804289","Chr05",61804289,"C","T",2.92158008901547,0.612079320020029,1.38513970778066e-08
