"SNP","CHROM","POS","REF","ALT","Effect","SE","blueglm98.FarmCPU"
"Chr02_38310584","Chr02",38310584,"T","A",13.7656064205526,2.2649488083629,1.91725277402394e-11
"Chr03_10143531","Chr03",10143531,"C","A",6.39110642817025,1.17410596703125,2.96169258083235e-11
"Chr03_16355482","Chr03",16355482,"T","A",6.9732576076364,1.29982875960656,2.56373428437354e-09
"Chr05_5060741","Chr05",5060741,"A","T",8.09322789245246,1.42342989329239,1.11953382983979e-09
