"SNP","CHROM","POS","REF","ALT","Effect","SE","blueglm61.FarmCPU"
"Chr02_5588957","Chr02",5588957,"G","A",3.46997416404285,0.697672775898925,1.14051730145174e-08
"Chr02_10798741","Chr02",10798741,"G","A",-4.8259198407343,1.01912218075772,3.87994391970191e-08
"Chr02_38310584","Chr02",38310584,"T","A",13.2680843726027,1.92534258377795,1.90867617999551e-13
"Chr02_55185373","Chr02",55185373,"C","T",6.71130345346985,1.17088365446877,9.68589469971493e-11
"Chr05_16564084","Chr05",16564084,"A","G",6.12875553509839,1.23629023102511,1.77308876178331e-08
"Chr08_38832741","Chr08",38832741,"A","G",4.753377653648,0.991197361203111,1.42628397082066e-08
"Chr10_22453780","Chr10",22453780,"T","A",-5.30369016780984,1.03386202954824,8.44832842686228e-09
"Chr10_43759652","Chr10",43759652,"G","T",7.68408919985212,0.916773838806489,2.58866473719679e-17
