"SNP","CHROM","POS","REF","ALT","Effect","SE","blueglm2.FarmCPU"
"Chr01_67658088","Chr01",67658088,"A","T",3.31172237445867,0.666105326952666,9.03581201705327e-09
"Chr02_42574185","Chr02",42574185,"G","A",9.99258442376038,1.67579829346731,5.75617562752328e-11
"Chr03_51282360","Chr03",51282360,"T","G",4.50567311424441,0.94476708654893,4.53451544791107e-08
"Chr05_27406053","Chr05",27406053,"A","G",-4.50995193722631,0.786006490993579,2.88658404378586e-11
"Chr07_60993980","Chr07",60993980,"C","T",5.0470458865385,1.02746033991991,7.41323830461225e-09
"Chr10_16310786","Chr10",16310786,"T","C",5.68643246642814,0.96600317892315,7.96286867720203e-11
