"SNP","CHROM","POS","REF","ALT","Effect","SE","blueglm35.FarmCPU"
"Chr02_6935732","Chr02",6935732,"C","T",4.21855855994727,0.79689733244605,2.33499215714778e-09
"Chr02_53774898","Chr02",53774898,"C","G",6.66278198851377,1.10812099362246,1.11136415357052e-10
"Chr03_59139591","Chr03",59139591,"T","A",7.63884741107172,1.1051924595086,3.5804719348851e-13
"Chr05_2262478","Chr05",2262478,"C","G",3.36287693542347,0.51632087484671,3.50808643446133e-12
"Chr06_23691090","Chr06",23691090,"A","G",5.13422929677244,1.01244000512778,1.44224998167416e-08
"Chr06_29164241","Chr06",29164241,"A","C",5.76550463795107,1.13507485393216,3.10163829487744e-09
