"SNP","CHROM","POS","REF","ALT","Effect","SE","blueglm83.FarmCPU"
"Chr01_67658088","Chr01",67658088,"A","T",3.54960411330436,0.733422426763593,4.19964741497832e-08
"Chr03_50619487","Chr03",50619487,"C","A",8.17372392000967,1.22363452550448,1.31613939795075e-12
"Chr05_34562845","Chr05",34562845,"T","C",6.51724004519503,1.05075696608606,2.91198712037938e-11
"Chr06_19588264","Chr06",19588264,"T","G",-5.79454475957238,1.02549751815848,8.5595880766463e-10
