"SNP","CHROM","POS","REF","ALT","Effect","SE","blueglm46.FarmCPU"
"Chr03_51282360","Chr03",51282360,"T","G",4.37777443656438,0.861537822107071,1.02728581278649e-08
"Chr04_13620144","Chr04",13620144,"C","T",7.26458099692287,1.28208885546935,3.73428330835628e-10
"Chr08_61957661","Chr08",61957661,"G","A",3.15183334082075,0.612873841136287,4.18103753088867e-09
"Chr09_787959","Chr09",787959,"C","A",-5.80441208881368,0.704829962373243,1.38600756875045e-16
"Chr10_43759679","Chr10",43759679,"A","G",4.34699906713769,0.868614006373362,4.39683049775566e-09
