"SNP","CHROM","POS","REF","ALT","Effect","SE","blueglm6.FarmCPU"
"Chr02_1953492","Chr02",1953492,"T","G",5.37095410938169,0.967899969400004,7.63963692849832e-10
"Chr02_53403506","Chr02",53403506,"C","T",9.63699764671043,1.36646143573449,1.18795852205494e-13
"Chr02_56794364","Chr02",56794364,"G","A",-3.35623517386544,0.665704542689492,1.17540570089474e-08
"Chr05_12109370","Chr05",12109370,"T","C",6.28491852839208,1.32517216665325,2.37566991503408e-08
"Chr09_24703521","Chr09",24703521,"G","C",4.18657224157567,0.866665975641057,2.97149547363038e-08
"Chr10_7216278","Chr10",7216278,"G","C",3.8370673969105,0.70958950470351,2.01314825580081e-09
