"SNP","CHROM","POS","REF","ALT","Effect","SE","blueglm77.FarmCPU"
"Chr01_51980865","Chr01",51980865,"T","C",4.31678265320437,0.926204551996994,4.00747921647489e-08
"Chr05_16564084","Chr05",16564084,"A","G",8.23208395702119,1.21690126686461,1.01001727372602e-12
"Chr05_65733791","Chr05",65733791,"C","T",5.44982790807755,1.07743283115582,1.12772783042829e-08
"Chr07_10791487","Chr07",10791487,"C","T",4.93429603289748,1.00505956662942,6.83383027172577e-09
"Chr10_39588257","Chr10",39588257,"C","T",-4.29807686796263,0.983917754511866,1.39524939691929e-08
"Chr10_43759652","Chr10",43759652,"G","T",6.70673612906428,0.92829782400564,6.9471754211091e-14
