"SNP","CHROM","POS","REF","ALT","Effect","SE","blueglm93.FarmCPU"
"Chr02_53403506","Chr02",53403506,"C","T",8.31024705314932,1.32940491532755,1.59499500515908e-11
"Chr03_47416709","Chr03",47416709,"T","C",7.74001055191147,1.57004827716566,3.57111414003918e-09
"Chr09_787959","Chr09",787959,"C","A",-4.17771198677517,0.746900860810149,1.76446308516616e-10
"Chr10_7216278","Chr10",7216278,"G","C",4.59062980706352,0.646764849436019,1.24847731462718e-13
"Chr10_53020996","Chr10",53020996,"T","A",7.16090978767734,1.34129371479317,4.41667290970811e-09
