"SNP","CHROM","POS","REF","ALT","Effect","SE","blueglm63.FarmCPU"
"Chr01_63001674","Chr01",63001674,"A","G",8.88606849469883,1.50441570538866,9.35012588830423e-11
"Chr02_54218148","Chr02",54218148,"C","A",6.78084354113528,0.917566832681631,2.43504537964085e-14
"Chr03_34239659","Chr03",34239659,"A","G",7.82443489991123,1.20756943599169,3.8549876468194e-12
"Chr06_41390777","Chr06",41390777,"T","A",8.39708527437275,1.17223805726939,6.23833281289165e-14
"Chr10_43759679","Chr10",43759679,"A","G",4.75544669004752,0.988212590327462,2.15659744873077e-08
