"SNP","CHROM","POS","REF","ALT","Effect","SE","blueglm73.FarmCPU"
"Chr01_27314334","Chr01",27314334,"T","C",-6.72683531989505,1.29236634271888,3.01067931973745e-09
"Chr01_51379582","Chr01",51379582,"C","A",-3.19633350333845,0.648973214631491,1.68012798752162e-08
"Chr01_67658088","Chr01",67658088,"A","T",3.57273640644385,0.650144877830718,1.16432538144129e-09
"Chr01_78312438","Chr01",78312438,"T","C",3.31933281735012,0.60674016582681,1.03575156976028e-09
"Chr02_53403506","Chr02",53403506,"C","T",6.99275827814987,1.4554167972606,2.00759334215626e-08
"Chr05_12109370","Chr05",12109370,"T","C",10.51890759569,1.38845162200999,8.43593542678777e-15
"Chr09_56390617","Chr09",56390617,"C","G",6.52165971864611,1.25606489259913,2.19320240243175e-09
"Chr10_7216278","Chr10",7216278,"G","C",4.30395598330574,0.733677388672593,5.93289357101205e-11
