"SNP","CHROM","POS","REF","ALT","Effect","SE","blueglm99.FarmCPU"
"Chr02_38310584","Chr02",38310584,"T","A",13.6848859369632,2.01539826654478,4.23953142710613e-13
"Chr02_53403506","Chr02",53403506,"C","T",7.51737045627911,1.35201779563625,1.37217614202126e-09
"Chr03_24266898","Chr03",24266898,"T","C",4.32763991869035,0.792970991627549,5.3015237257871e-10
"Chr05_65733791","Chr05",65733791,"C","T",6.56370552737552,1.16546409209054,3.87108744672568e-11
"Chr06_59023619","Chr06",59023619,"C","A",2.85692122203208,0.60044181308086,2.44800630638718e-08
"Chr07_10083511","Chr07",10083511,"G","A",-6.48431521372885,1.10449370009814,1.35604282227446e-10
"Chr07_22319580","Chr07",22319580,"G","A",4.28764899075705,0.895159426369553,1.43694744762452e-08
"Chr10_43759679","Chr10",43759679,"A","G",5.22871767550325,0.967681609606294,5.68060432480727e-10
