"SNP","CHROM","POS","REF","ALT","Effect","SE","blueglm19.FarmCPU"
"Chr02_53403506","Chr02",53403506,"C","T",6.97511124605123,1.30524247538983,7.31994246469246e-10
"Chr04_24508974","Chr04",24508974,"C","T",7.74465160499931,1.16755261689962,1.96372830747079e-12
"Chr05_15390622","Chr05",15390622,"A","G",3.99077633923469,0.819660714617179,2.44136163421574e-08
"Chr06_22519387","Chr06",22519387,"A","G",8.74708815184042,1.15053488536644,1.06288265476276e-14
