"SNP","CHROM","POS","REF","ALT","Effect","SE","blueglm53.FarmCPU"
"Chr01_67658088","Chr01",67658088,"A","T",3.9451801259765,0.782917631802003,1.77839914123123e-08
"Chr02_38310584","Chr02",38310584,"T","A",10.7999117762936,2.17562543071579,1.96912152671065e-08
"Chr06_41390777","Chr06",41390777,"T","A",6.56324184876347,1.27152110861843,9.32650588871776e-09
