"SNP","CHROM","POS","REF","ALT","Effect","SE","blueglm80.FarmCPU"
"Chr02_38310584","Chr02",38310584,"T","A",11.311949678124,2.02494247095709,1.88228928849852e-10
"Chr03_6696619","Chr03",6696619,"A","C",-2.93096746186288,0.613026718875489,1.43333266173632e-08
"Chr03_50619487","Chr03",50619487,"C","A",6.22465777900904,1.08808776107781,1.23865969013344e-10
"Chr05_5060741","Chr05",5060741,"A","T",6.22022872407457,1.06927586143992,7.39515928193981e-11
"Chr08_52250489","Chr08",52250489,"A","C",7.11940412308215,1.14295903558289,3.08909827948043e-12
"Chr09_37841348","Chr09",37841348,"T","C",8.15089982625507,1.62109076735801,1.00319444978546e-08
