"SNP","CHROM","POS","REF","ALT","Effect","SE","blueglm52.FarmCPU"
"Chr01_53513369","Chr01",53513369,"C","T",-2.88794963868301,0.611874002055447,4.28257779584191e-08
"Chr02_42574185","Chr02",42574185,"G","A",10.6868496281394,1.55746291394596,1.20753608027014e-12
"Chr05_12109370","Chr05",12109370,"T","C",6.01370664169197,1.21166286548068,2.18086369412432e-08
"Chr06_38520190","Chr06",38520190,"G","A",-6.42128945697106,1.39024211371424,8.46464039935283e-09
"Chr06_41390777","Chr06",41390777,"T","A",8.36011369433195,1.0817811684333,2.09619831763798e-15
"Chr10_2291304","Chr10",2291304,"C","T",5.00617126428167,0.895217673876026,4.10935401907896e-10
"Chr10_27498346","Chr10",27498346,"A","G",-4.26900796804666,0.830697106403402,1.51722671380246e-09
