"SNP","CHROM","POS","REF","ALT","Effect","SE","cam3_14.FarmCPU"
"Chr01_9868455","Chr01",9868455,"A","T",10.511147367408,1.5845584667882,4.92923144577905e-13
"Chr01_67658088","Chr01",67658088,"A","T",4.36232967078452,0.691179621912782,2.61702252864698e-11
"Chr05_4423452","Chr05",4423452,"A","T",-6.58359787311846,1.4468562888794,3.97752531785366e-08
"Chr05_5060741","Chr05",5060741,"A","T",9.23932112507897,1.1679022951046,2.33781038950623e-15
