"SNP","CHROM","POS","REF","ALT","Effect","SE","cam3pmed_21.FarmCPU"
"Chr01_35519261","Chr01",35519261,"T","G",7.901698635827,1.4428400018255,2.38355859514489e-09
"Chr03_64905902","Chr03",64905902,"T","C",7.93093685364951,1.50921134854472,2.9706529056914e-09
"Chr10_1352675","Chr10",1352675,"T","C",-3.50214889016072,0.724635893315551,3.17804724625071e-08
