"SNP","CHROM","POS","REF","ALT","Effect","SE","cam3pmed_78.FarmCPU"
"Chr01_61275451","Chr01",61275451,"C","T",4.02628001356461,0.838621520820645,2.52037131306821e-08
"Chr02_53726008","Chr02",53726008,"G","A",8.57564640811471,1.43043022629732,4.55415367217271e-11
"Chr03_71516811","Chr03",71516811,"T","C",-4.41204806134605,0.921669362278197,2.60521365270491e-08
"Chr05_12109359","Chr05",12109359,"C","T",7.70832500138666,1.63309075987025,1.67659823054123e-08
"Chr06_5946828","Chr06",5946828,"T","C",9.36776225373887,1.4615998960754,5.84809085293149e-12
