"SNP","CHROM","POS","REF","ALT","Effect","SE","cam3_5.FarmCPU"
"Chr03_50613051","Chr03",50613051,"T","C",8.42643878141063,1.6817003825123,5.05173319931481e-09
"Chr05_5060741","Chr05",5060741,"A","T",5.84001557836837,1.31233032459789,3.77919987755669e-08
"Chr05_63859836","Chr05",63859836,"G","T",-4.35630887768706,0.9673731377622,1.2187928571906e-09
"Chr06_56980550","Chr06",56980550,"T","C",8.00110914461776,1.42763331480623,4.42932573875352e-10
"Chr08_49509296","Chr08",49509296,"C","T",-5.61842524648937,1.1419199053253,1.50534724085757e-08
