"SNP","CHROM","POS","REF","ALT","Effect","SE","cam3_61.FarmCPU"
"Chr02_38310584","Chr02",38310584,"T","A",13.6089731346198,1.98371441532384,3.85394148231209e-13
"Chr02_55185373","Chr02",55185373,"C","T",7.57810056512177,1.45869967190876,7.78045210734233e-09
"Chr06_44078780","Chr06",44078780,"C","T",6.16954671250736,1.25598895027342,4.36168046379216e-08
"Chr07_53456980","Chr07",53456980,"A","C",11.7758638133784,1.56139269277254,1.22789396361744e-14
"Chr09_56446959","Chr09",56446959,"C","A",4.5487837461738,0.796216285422024,7.13677838706755e-10
"Chr10_43759679","Chr10",43759679,"A","G",5.95804551000155,0.895524232067102,5.35876323631478e-13
