"SNP","CHROM","POS","REF","ALT","Effect","SE","cam3pmed_52.FarmCPU"
"Chr01_53487965","Chr01",53487965,"C","T",-4.50263340441946,0.800533007518838,4.12788393846309e-10
"Chr01_75861765","Chr01",75861765,"A","T",4.83156393107578,0.699349099402418,3.30324607898017e-13
"Chr03_42845911","Chr03",42845911,"A","G",-6.72393495016815,1.44839173494827,3.45348395787671e-08
"Chr04_24633840","Chr04",24633840,"G","T",7.84266562196975,1.66791834026779,3.88876658059767e-08
"Chr05_12109359","Chr05",12109359,"C","T",9.16361149892617,1.36911189353473,3.25194005299488e-12
"Chr06_41390777","Chr06",41390777,"T","A",6.95679544406932,1.27196524096315,2.00677152771245e-10
