"SNP","CHROM","POS","REF","ALT","Effect","SE","cam3_21.FarmCPU"
"Chr01_13966504","Chr01",13966504,"T","C",3.60263062718495,0.653553900887065,5.1037648730064e-10
"Chr01_35519261","Chr01",35519261,"T","G",10.2055032697203,1.16108298861698,4.23088954191161e-18
"Chr05_5060741","Chr05",5060741,"A","T",6.98386679544094,1.09840906458685,1.46152823623862e-11
"Chr05_61829229","Chr05",61829229,"G","T",3.01758968256925,0.6148365101535,1.77142427690145e-08
"Chr07_6481043","Chr07",6481043,"C","T",6.09114484264046,0.980485656347379,2.05613792487011e-11
"Chr07_7637065","Chr07",7637065,"G","A",-6.27185933869442,1.21619197314646,1.37902521402376e-08
"Chr10_1329091","Chr10",1329091,"A","G",-4.00870901820966,0.708913871257417,1.01834770488031e-09
