"SNP","CHROM","POS","REF","ALT","Effect","SE","cam3_48.FarmCPU"
"Chr01_20077532","Chr01",20077532,"C","A",4.59723458412822,0.786155904419884,1.44389552011629e-10
"Chr02_19770800","Chr02",19770800,"A","G",6.53938087452496,1.07596358693288,5.39845989097627e-11
"Chr03_51265658","Chr03",51265658,"C","G",8.32283915378668,1.10181753897389,3.87261059744476e-15
"Chr05_13842434","Chr05",13842434,"C","T",-6.44836610944427,1.147440258661,5.18081424712018e-10
"Chr05_16253690","Chr05",16253690,"G","T",6.04335580718483,1.16506563095315,8.78161543641567e-09
"Chr07_36665805","Chr07",36665805,"T","C",-6.98805221089788,1.40408694114643,1.08814052914166e-08
"Chr08_29425117","Chr08",29425117,"G","A",8.86310349072938,1.3964809987893,6.2649653946424e-12
