"SNP","CHROM","POS","REF","ALT","Effect","SE","cam3pmed_5.FarmCPU"
"Chr02_14209985","Chr02",14209985,"T","G",7.70693688804305,1.62948044762298,4.56263010672775e-08
"Chr02_73687803","Chr02",73687803,"T","C",3.92900344559781,0.692419760942332,3.8905923829077e-10
"Chr04_6236699","Chr04",6236699,"C","T",3.1327113953484,0.597165809381453,3.03122542013063e-09
"Chr05_5060741","Chr05",5060741,"A","T",5.77486606743523,1.08042196707363,1.79235748558453e-09
"Chr05_55359907","Chr05",55359907,"A","G",7.34985862156681,1.28994165506377,1.82105935869729e-10
"Chr06_52632225","Chr06",52632225,"T","A",2.84189501120007,0.59299715201557,1.40119704998821e-08
"Chr07_61154743","Chr07",61154743,"C","T",6.31700332279809,0.937028182210504,5.28090922157357e-13
"Chr08_56762893","Chr08",56762893,"G","A",3.55790890532848,0.701161761009448,1.08054727899382e-08
"Chr08_61937936","Chr08",61937936,"C","T",7.2906666632181,1.40343228436338,4.52404942129414e-09
"Chr10_448416","Chr10",448416,"C","T",-4.95546910687308,0.989538638448211,1.12176086816461e-08
