"SNP","CHROM","POS","REF","ALT","Effect","SE","cam3pmed_48.FarmCPU"
"Chr02_19770800","Chr02",19770800,"A","G",6.6805947797493,1.33604644280469,1.81262426209356e-08
"Chr05_12109359","Chr05",12109359,"C","T",8.75963788632286,1.72820807368398,1.67001755197519e-08
"Chr08_29425117","Chr08",29425117,"G","A",10.3253199111516,1.7379281565269,1.51709604261363e-10
