"SNP","CHROM","POS","REF","ALT","Effect","SE","cam3pmed_57.FarmCPU"
"Chr02_53403506","Chr02",53403506,"C","T",7.83987283069793,1.512231874087,9.28775887278349e-09
"Chr06_56980550","Chr06",56980550,"T","C",9.811018219399,1.47649243091652,1.95426827186225e-12
"Chr07_52853918","Chr07",52853918,"G","A",4.63996217904899,1.00349125131828,3.75775215990852e-08
"Chr08_56762893","Chr08",56762893,"G","A",4.6020290259836,0.794698942166534,2.85886126810872e-10
