"SNP","CHROM","POS","REF","ALT","Effect","SE","cam3_79.FarmCPU"
"Chr01_61789623","Chr01",61789623,"G","C",6.94853058609904,1.30664249650087,4.31834738562312e-09
"Chr02_60599498","Chr02",60599498,"T","A",5.25503432341795,1.06278622859229,2.02473216639992e-08
"Chr05_5060741","Chr05",5060741,"A","T",6.9713434178101,1.18711587992197,1.71602102034343e-10
"Chr05_15150295","Chr05",15150295,"G","T",4.2750568135281,0.833022309515368,1.62253276353274e-09
"Chr06_56980550","Chr06",56980550,"T","C",7.6148062396199,1.39895267600875,1.27449391179617e-09
