"SNP","CHROM","POS","REF","ALT","Effect","SE","cam3_57.FarmCPU"
"Chr02_53403506","Chr02",53403506,"C","T",10.2451489206932,1.46138463084495,1.12283500367151e-13
"Chr05_1281193","Chr05",1281193,"C","T",-4.58647788384608,0.983680526986251,3.37720046778284e-08
"Chr06_8684742","Chr06",8684742,"T","G",-7.13258672337476,1.22287707478146,1.31153909728353e-10
"Chr06_54386392","Chr06",54386392,"C","T",5.56069319786437,1.19008167808975,4.03028184283686e-08
"Chr07_3762037","Chr07",3762037,"C","T",10.6717170790169,1.72356750857887,5.16770467165075e-12
"Chr10_58913110","Chr10",58913110,"C","T",3.40447073381231,0.654948639572338,6.18397308421176e-09
