"SNP","CHROM","POS","REF","ALT","Effect","SE","cam3pmed_79.FarmCPU"
"Chr01_47616009","Chr01",47616009,"A","C",10.0555311470592,1.60970482394215,1.36555957981255e-11
"Chr03_9238354","Chr03",9238354,"C","T",-5.77968051297413,0.979177650949034,3.14269361589595e-11
"Chr03_71513723","Chr03",71513723,"T","A",-4.35340647707394,0.737249464278452,1.33149378699307e-10
"Chr05_58001905","Chr05",58001905,"C","T",-7.97984376936493,1.39447964011062,5.89142272926094e-10
