"SNP","CHROM","POS","REF","ALT","Effect","SE","cam3pmed_3.FarmCPU"
"Chr02_6935732","Chr02",6935732,"C","T",5.47581601814978,0.888169607592625,1.1702792535156e-11
"Chr05_2262804","Chr05",2262804,"A","T",3.80422583535763,0.635988077745707,2.6233893681011e-11
"Chr05_12109359","Chr05",12109359,"C","T",7.5402304989436,1.40501262461461,6.6179752125792e-10
"Chr06_41390777","Chr06",41390777,"T","A",8.25706042910505,1.22399583786845,9.13235293946281e-14
"Chr06_57259810","Chr06",57259810,"A","T",5.41873794591487,1.02471492135917,5.91423851044414e-10
