"SNP","CHROM","POS","REF","ALT","Effect","SE","cam3pmed_92.FarmCPU"
"Chr01_1305650","Chr01",1305650,"A","T",6.34664083798281,1.13646228135053,6.33550671103876e-10
"Chr05_12109359","Chr05",12109359,"C","T",6.90076542139518,1.40296185576876,3.34296918108601e-08
"Chr05_51941084","Chr05",51941084,"G","A",8.97102681000231,1.28856466219384,6.73156977451453e-13
"Chr07_61167336","Chr07",61167336,"C","G",10.8791184685672,1.71884341756754,2.07129767317917e-11
"Chr08_56762893","Chr08",56762893,"G","A",3.47507026663157,0.731534796002881,1.81349550564362e-08
"Chr10_448416","Chr10",448416,"C","T",-6.32363023961016,1.10827060498554,3.93768502668739e-10
