"SNP","CHROM","POS","REF","ALT","Effect","SE","cam3pmed_19.FarmCPU"
"Chr02_58149202","Chr02",58149202,"G","A",-6.98172566353824,1.41256425749225,9.03898606156472e-09
"Chr02_73687803","Chr02",73687803,"T","C",4.44129819685985,0.824627455567504,1.33066236515089e-09
"Chr05_12109359","Chr05",12109359,"C","T",8.59100163616089,1.41580587491191,6.31025570178638e-11
"Chr06_41390777","Chr06",41390777,"T","A",9.03877367304605,1.1742023692868,2.66581088855061e-15
"Chr07_61139603","Chr07",61139603,"T","C",10.3936505828071,1.98087081793795,6.8294593088907e-09
"Chr09_50825367","Chr09",50825367,"C","A",3.4319327063023,0.686777596700812,2.5445546999493e-08
"Chr10_448416","Chr10",448416,"C","T",-5.61161427162725,1.13312434457072,4.94450422192355e-09
