"SNP","CHROM","POS","REF","ALT","Effect","SE","cam3_6.FarmCPU"
"Chr02_53403506","Chr02",53403506,"C","T",9.95615039405232,1.64551099750928,3.58327703112973e-11
"Chr05_2251740","Chr05",2251740,"C","T",3.17850852469725,0.662589109438995,9.03931970591786e-09
"Chr06_41390777","Chr06",41390777,"T","A",7.44447316147433,1.28546888056225,2.89817469766816e-10
