"SNP","CHROM","POS","REF","ALT","Effect","SE","cam3pmed_14.FarmCPU"
"Chr01_13942605","Chr01",13942605,"G","A",4.08862137923196,0.911498446825765,1.17224895026284e-08
"Chr05_5060741","Chr05",5060741,"A","T",6.08546071230533,1.18088353893771,2.25335397701087e-09
"Chr10_448437","Chr10",448437,"G","A",-6.18942617787168,0.945319638950019,1.21459218059324e-12
"Chr10_20204618","Chr10",20204618,"T","C",5.96273294333113,1.24780193680731,7.59805578721178e-10
