"SNP","CHROM","POS","REF","ALT","Effect","SE","cam3_92.FarmCPU"
"Chr01_64007355","Chr01",64007355,"A","G",3.15401611541154,0.630202365559346,6.03437203712716e-09
"Chr05_51941084","Chr05",51941084,"G","A",6.90232370596726,1.36811364315098,1.13213218746204e-08
"Chr07_61167336","Chr07",61167336,"C","G",10.6329258897175,1.6393167217451,4.59833326339827e-12
"Chr08_29425117","Chr08",29425117,"G","A",7.81111989385932,1.54355400838138,6.45800478730258e-09
"Chr09_5871835","Chr09",5871835,"C","T",-3.77584413270775,0.740714186994222,9.65935603757969e-09
"Chr10_448416","Chr10",448416,"C","T",-5.74215237808405,1.09644124872678,4.70477702013846e-09
"Chr10_26629356","Chr10",26629356,"C","T",7.26385685528206,1.3631086634816,2.70736105394622e-09
"Chr10_40277229","Chr10",40277229,"A","G",-4.5430202662798,0.862904762887464,1.21665125177487e-09
