"SNP","CHROM","POS","REF","ALT","Effect","SE","cam3pmed_18.FarmCPU"
"Chr02_54218148","Chr02",54218148,"C","A",4.98972335082145,0.943488062729496,7.31085884220984e-10
"Chr04_24633840","Chr04",24633840,"G","T",8.62409893766945,1.66768321741839,8.28648583225024e-09
"Chr05_12109359","Chr05",12109359,"C","T",7.41025000502173,1.43325035863157,9.23925501257809e-10
"Chr05_62238896","Chr05",62238896,"C","T",7.93240220457347,1.53233528881672,7.37921564099389e-09
"Chr07_6886782","Chr07",6886782,"C","T",4.98588742399108,0.944513065681846,2.06528519313484e-09
