"SNP","CHROM","POS","REF","ALT","Effect","SE","cam3pmed_61.FarmCPU"
"Chr02_38310584","Chr02",38310584,"T","A",11.8649745440459,1.91971575252976,6.37430119174989e-12
"Chr02_53726008","Chr02",53726008,"G","A",9.75788469947276,1.12444546764533,5.55387109894442e-18
"Chr03_26582666","Chr03",26582666,"C","G",-4.35542702881916,0.767625771229519,6.00841599569299e-11
"Chr03_34077497","Chr03",34077497,"A","G",-6.19150123940992,1.33042820758859,4.12391385735693e-08
"Chr04_24633840","Chr04",24633840,"G","T",8.94453239825651,1.4279413188389,4.76264172274457e-12
"Chr06_41390777","Chr06",41390777,"T","A",5.78994365555401,1.14303116519462,2.01776309042036e-08
"Chr06_57259865","Chr06",57259865,"T","C",4.77593996897573,0.873578903945232,2.67450877122657e-11
"Chr08_58645275","Chr08",58645275,"C","T",2.87244751975235,0.590012215432614,1.08234562604923e-08
"Chr08_61298929","Chr08",61298929,"A","G",-3.6975907038414,0.602409648157089,1.9003276835279e-11
"Chr09_9097214","Chr09",9097214,"C","G",2.86977989588483,0.584860321740002,1.74068850797735e-08
"Chr09_56446959","Chr09",56446959,"C","A",5.71518174804132,0.816605194000644,1.05186998366652e-13
