"SNP","CHROM","POS","REF","ALT","Effect","SE","cam3pmed_6.FarmCPU"
"Chr01_62658795","Chr01",62658795,"G","A",6.09160142534759,1.21361786696571,2.03733776994833e-08
"Chr01_77325804","Chr01",77325804,"G","T",5.92356645274442,1.0527395800499,3.610716859068e-10
"Chr02_16763162","Chr02",16763162,"A","G",-6.92331293855072,1.43815166981014,1.93907302974409e-09
"Chr05_2261958","Chr05",2261958,"G","C",3.34578511461383,0.631601080278468,7.69348194088753e-10
"Chr06_41390777","Chr06",41390777,"T","A",8.34091198080878,1.18140148175043,1.37625663730536e-13
"Chr07_61143070","Chr07",61143070,"A","G",6.23434632220882,0.961516099508146,3.87884566831589e-12
"Chr10_448416","Chr10",448416,"C","T",-5.73846253495199,1.10258992501341,5.31166363530395e-09
