"SNP","CHROM","POS","REF","ALT","Effect","SE","cam3pmed_66.FarmCPU"
"Chr01_75861920","Chr01",75861920,"C","A",3.83874169074467,0.68426635892914,7.27147679099801e-11
"Chr03_7166885","Chr03",7166885,"A","G",-3.60460433792438,0.740247283446075,1.62890472081827e-08
"Chr03_11103546","Chr03",11103546,"C","T",4.77899175284918,0.825805016136355,1.58315585958717e-10
"Chr05_51811208","Chr05",51811208,"C","A",7.51495523842114,1.47054124378206,4.60949867508308e-09
"Chr06_41390777","Chr06",41390777,"T","A",7.57364894559718,1.48006322843263,3.46374927461186e-09
"Chr10_7101272","Chr10",7101272,"T","C",4.39344547567021,0.923813677810608,4.46311694687742e-08
"Chr10_43759656","Chr10",43759656,"A","T",5.99121473633399,1.11096244743286,1.21463854998417e-09
