"SNP","CHROM","POS","REF","ALT","Effect","SE","cam3_2.FarmCPU"
"Chr03_51282360","Chr03",51282360,"T","G",6.52388710069163,1.04990484056045,1.63036012876764e-11
"Chr06_41390777","Chr06",41390777,"T","A",6.1435416674192,1.17476964684857,5.7027169279054e-09
"Chr08_49509296","Chr08",49509296,"C","T",-5.91958655095209,1.10217830261299,1.93709433272541e-09
