"SNP","CHROM","POS","REF","ALT","Effect","SE","cam3_41.FarmCPU"
"Chr06_41390777","Chr06",41390777,"T","A",7.78514157369177,1.30683416344578,1.11843147479525e-10
"Chr09_56446959","Chr09",56446959,"C","A",5.97242221711697,0.944693690979213,6.09163453519777e-12
"Chr10_11991615","Chr10",11991615,"C","T",4.08140603199677,0.826984535538595,3.63501546893467e-08
