"SNP","CHROM","POS","REF","ALT","Effect","SE","cam3pmed_73.FarmCPU"
"Chr02_42192313","Chr02",42192313,"C","T",-5.27800578812931,1.02160382725871,5.28429828420329e-10
"Chr02_53403506","Chr02",53403506,"C","T",12.3283232136577,1.56142594224519,1.73722735897087e-15
"Chr02_72443048","Chr02",72443048,"C","T",3.59288323401703,0.695824308345899,4.51404099474034e-09
"Chr05_12109370","Chr05",12109370,"T","C",9.73316545250938,1.74362438019077,4.53995677271044e-10
"Chr06_4280196","Chr06",4280196,"G","A",8.22390078067411,1.39344274152038,1.04509636995173e-10
"Chr08_56755456","Chr08",56755456,"A","C",3.43466014308994,0.716169132544869,2.28169865271449e-08
"Chr09_53177806","Chr09",53177806,"C","T",9.06458132188832,1.67878433295018,2.77514651081968e-09
"Chr10_37598789","Chr10",37598789,"G","A",-10.4625689445488,1.73569730020466,4.98998796198086e-11
