"SNP","CHROM","POS","REF","ALT","Effect","SE","cam3pmed_99.FarmCPU"
"Chr05_2262599","Chr05",2262599,"A","G",3.49397139901809,0.70802912811088,2.38235934163343e-08
"Chr06_41390777","Chr06",41390777,"T","A",6.95696425056927,1.32348428463404,1.3524333007418e-09
"Chr10_448416","Chr10",448416,"C","T",-5.86917607870102,1.1552799052455,2.12577809164473e-09
