"SNP","CHROM","POS","REF","ALT","Effect","SE","cam3pmed_53.FarmCPU"
"Chr02_6935732","Chr02",6935732,"C","T",6.11653692383824,1.12461020063566,5.15051405125391e-10
"Chr02_53726008","Chr02",53726008,"G","A",10.5504787090914,1.35371251605434,3.21827238926222e-15
"Chr03_56765455","Chr03",56765455,"C","A",3.93736709640256,0.862694112987745,4.20744278757849e-08
"Chr06_41390777","Chr06",41390777,"T","A",6.79842110242697,1.30488921213362,9.9034376275892e-10
