"SNP","CHROM","POS","REF","ALT","Effect","SE","cam3_73.FarmCPU"
"Chr01_51326529","Chr01",51326529,"T","C",-3.0347629004017,0.610952706040254,1.46315916106163e-09
"Chr01_67658088","Chr01",67658088,"A","T",3.73452585665065,0.722859557835694,8.87006469395722e-10
"Chr02_44732167","Chr02",44732167,"A","G",-5.58430545985338,1.15892716482915,3.9668625683813e-08
"Chr04_13620144","Chr04",13620144,"C","T",11.1865792187829,1.57076622786043,4.64443800357844e-14
"Chr05_12109359","Chr05",12109359,"C","T",8.75647098058305,1.45198743746691,5.40819303619396e-11
"Chr05_64656857","Chr05",64656857,"G","A",6.66691113702834,1.27679441885515,1.74684561626632e-09
"Chr07_61096341","Chr07",61096341,"T","C",4.68774700937597,1.0483241200994,2.69083094943108e-08
"Chr09_53178754","Chr09",53178754,"A","T",9.27462681720601,1.55969915384444,3.95411818062107e-11
