"SNP","CHROM","POS","REF","ALT","Effect","SE","cam3pmed_91.FarmCPU"
"Chr02_9470694","Chr02",9470694,"G","A",3.5261881165907,0.749032994205867,4.52128565192618e-08
"Chr05_12109359","Chr05",12109359,"C","T",8.27436102488788,1.63137413922186,7.57594525446828e-09
"Chr06_41390777","Chr06",41390777,"T","A",9.59520809749631,1.31867312247338,1.5705836347972e-14
"Chr10_8733277","Chr10",8733277,"A","G",4.19769880437089,1.14817632528697,4.45181736549687e-08
