"SNP","CHROM","POS","REF","ALT","Effect","SE","cam4pmed_99.FarmCPU"
"Chr02_53403506","Chr02",53403506,"C","T",9.31427961062292,1.37197591905005,1.34853345510417e-12
"Chr03_34006825","Chr03",34006825,"A","G",4.54441862401205,0.885091588780746,5.92315041605983e-09
"Chr05_64998924","Chr05",64998924,"T","G",7.47048140723419,1.2916600556432,3.50659981753847e-10
"Chr05_65733791","Chr05",65733791,"C","T",7.630461277137,1.23349195830477,3.00940019595387e-11
