"SNP","CHROM","POS","REF","ALT","Effect","SE","cam4pmed_7.FarmCPU"
"Chr01_78773610","Chr01",78773610,"A","C",3.91686395033282,0.675204714863952,3.35238828294626e-10
"Chr02_53726008","Chr02",53726008,"G","A",6.33532374304079,1.19424896279252,4.62076487343399e-09
"Chr03_51282360","Chr03",51282360,"T","G",5.47488869805959,0.819847181372168,2.08396237032542e-12
"Chr03_60717374","Chr03",60717374,"G","A",3.32511020753866,0.683868766083345,2.78256134318601e-08
"Chr05_12109370","Chr05",12109370,"T","C",8.12788643056138,1.28943051029702,2.15923110485317e-11
"Chr08_60952625","Chr08",60952625,"A","G",5.39518551452232,0.955011235468122,3.75268942328423e-10
