"SNP","CHROM","POS","REF","ALT","Effect","SE","cam4pam_32.FarmCPU"
"Chr01_51980865","Chr01",51980865,"T","C",5.12611874799725,0.998451111175252,5.52843227398935e-09
"Chr05_29895612","Chr05",29895612,"A","G",8.36562788676587,1.53112917540587,1.54061962288814e-09
"Chr05_65733791","Chr05",65733791,"C","T",6.57547712882592,1.27838910148773,8.10826093970274e-09
"Chr07_25868024","Chr07",25868024,"C","T",8.94089478389602,1.54824605487373,3.19796359961854e-10
"Chr10_8801737","Chr10",8801737,"A","G",5.43206709717148,0.96567047478166,1.13077485392003e-09
