"SNP","CHROM","POS","REF","ALT","Effect","SE","cam4pam_49.FarmCPU"
"Chr05_12109370","Chr05",12109370,"T","C",8.81809846546426,1.34644492500002,3.07398903451697e-12
"Chr05_65733791","Chr05",65733791,"C","T",7.47821167567335,1.3683631600611,1.39236513395231e-09
"Chr06_9206935","Chr06",9206935,"G","A",-5.88417016111747,1.16969038372269,1.39547404445136e-08
"Chr08_49275083","Chr08",49275083,"G","A",5.65622536244185,1.14648974831962,3.84913925988881e-08
