"SNP","CHROM","POS","REF","ALT","Effect","SE","cam4pmed_72.FarmCPU"
"Chr02_24213964","Chr02",24213964,"A","G",4.68055207796419,0.971099304592217,1.29000250863786e-08
"Chr03_37178257","Chr03",37178257,"A","G",-7.61805408790594,1.02978919554656,1.01911782499631e-14
"Chr05_12109370","Chr05",12109370,"T","C",7.05289871097093,1.32009266463095,1.90272462462114e-09
"Chr05_65733791","Chr05",65733791,"C","T",7.527977658627,1.13540176269319,1.39796822043241e-12
"Chr07_10083511","Chr07",10083511,"G","A",-5.40266764868499,1.10490028278854,3.18829982940603e-08
"Chr08_11900901","Chr08",11900901,"A","G",4.92925506742187,0.803389642224122,1.70441185596738e-11
"Chr09_787959","Chr09",787959,"C","A",-4.74162397649305,0.800031694043201,2.09902965048321e-10
"Chr10_11996707","Chr10",11996707,"C","T",5.10966215337594,0.914481256862145,4.62655818972819e-10
