"SNP","CHROM","POS","REF","ALT","Effect","SE","cam4pmed_78.FarmCPU"
"Chr01_76874323","Chr01",76874323,"A","G",-3.4718720239004,0.735237203122875,3.39909269410942e-08
"Chr04_10243714","Chr04",10243714,"C","T",4.24375494722332,0.914584465462754,4.03876543676832e-08
"Chr08_61982767","Chr08",61982767,"T","C",2.95343994948424,0.604668277424106,3.04649696688431e-08
"Chr10_43759656","Chr10",43759656,"A","T",7.3665483268559,1.05084941801,1.76509231437233e-13
"Chr10_51176799","Chr10",51176799,"G","T",6.97326458053373,1.21410487249008,4.628398250005e-10
