"SNP","CHROM","POS","REF","ALT","Effect","SE","cam4pmed_80.FarmCPU"
"Chr03_6696619","Chr03",6696619,"A","C",-3.01735266180741,0.549557566706572,1.26903878517699e-09
"Chr04_10818738","Chr04",10818738,"G","C",3.21724300488717,0.600924913441498,3.75724700419711e-09
"Chr08_44524188","Chr08",44524188,"G","A",6.9473485312034,0.875356032785755,3.78814753908651e-16
"Chr08_52250489","Chr08",52250489,"A","C",7.16623707322544,1.03884363679214,1.14275065990233e-13
"Chr08_56762893","Chr08",56762893,"G","A",3.74655379963169,0.614908822858157,8.98814763863353e-11
"Chr08_60538922","Chr08",60538922,"T","A",-5.81584474857021,1.02728286918875,1.17828939332893e-10
