"SNP","CHROM","POS","REF","ALT","Effect","SE","cam4pam_73.FarmCPU"
"Chr01_78312438","Chr01",78312438,"T","C",3.93814482293132,0.695020955202399,5.55526540249987e-10
"Chr06_4280196","Chr06",4280196,"G","A",7.49407231291512,1.41445804748342,2.65646414495797e-09
"Chr10_8801737","Chr10",8801737,"A","G",4.94811521106163,0.911210931846473,4.79777175383022e-09
