"SNP","CHROM","POS","REF","ALT","Effect","SE","cam4pmed_21.FarmCPU"
"Chr01_13980405","Chr01",13980405,"C","T",3.56938674896271,0.699821927107134,9.08642908645652e-09
"Chr02_14417683","Chr02",14417683,"T","C",4.96386019968541,0.896053924161974,1.57574677989134e-09
"Chr03_64905902","Chr03",64905902,"T","C",7.15319687272739,1.3625947387924,3.07695096188478e-09
"Chr05_5060741","Chr05",5060741,"A","T",6.83403457623308,1.18092638402053,6.48841708644722e-11
