"SNP","CHROM","POS","REF","ALT","Effect","SE","cam4pam_46.FarmCPU"
"Chr01_71850673","Chr01",71850673,"C","T",6.93641770713455,1.39570226444657,2.40627110631963e-08
"Chr02_53403506","Chr02",53403506,"C","T",8.87772772681306,1.40264168473613,1.09966188581656e-11
"Chr04_66853141","Chr04",66853141,"C","T",5.9078501540188,1.10173698714303,1.58001099300237e-09
"Chr05_12109370","Chr05",12109370,"T","C",5.93976862823729,1.23346230406526,7.82465617289876e-09
"Chr05_38169721","Chr05",38169721,"T","C",-3.12403593893063,0.600642294404427,7.29764537783796e-09
