"SNP","CHROM","POS","REF","ALT","Effect","SE","cam4pam_15.FarmCPU"
"Chr01_15715272","Chr01",15715272,"C","T",3.92451188336189,0.722097354607081,9.07138357753025e-10
"Chr01_78773610","Chr01",78773610,"A","C",4.42211801712767,0.736188128855457,5.25207687489619e-12
"Chr02_22769801","Chr02",22769801,"A","G",7.09608523387492,1.21092568649518,1.42605107715877e-10
"Chr03_6978438","Chr03",6978438,"G","A",5.5247178162445,1.12614249336545,3.4922828575621e-09
"Chr03_32007500","Chr03",32007500,"C","A",3.66533541731048,0.780627236333054,3.65942018845528e-08
"Chr05_12109370","Chr05",12109370,"T","C",6.39875594464626,1.24265931082643,1.06225672634398e-08
"Chr10_40477488","Chr10",40477488,"T","C",-3.52237315928703,0.816580921860425,7.86518516014566e-10
