"SNP","CHROM","POS","REF","ALT","Effect","SE","cam4pam_6.FarmCPU"
"Chr05_12109370","Chr05",12109370,"T","C",7.33863242288316,1.46522013872227,2.28671355850113e-08
"Chr06_10134251","Chr06",10134251,"A","C",-7.25090710394068,1.42091342220257,4.25706252818704e-11
"Chr09_787959","Chr09",787959,"C","A",-4.30496701474678,0.839688313172017,1.02960194065993e-08
"Chr09_59031731","Chr09",59031731,"A","T",-5.30372223960313,1.20143748705721,2.00587409563394e-08
