"SNP","CHROM","POS","REF","ALT","Effect","SE","cam4pam_78.FarmCPU"
"Chr04_4392026","Chr04",4392026,"T","C",-4.17043783929557,0.859266486905204,1.17110374120121e-08
"Chr04_10243714","Chr04",10243714,"C","T",4.81277773517893,0.880930429356764,1.65768141378762e-09
"Chr06_11136106","Chr06",11136106,"A","C",-10.8438020562306,1.45412952621635,3.57080229022573e-15
"Chr10_43759679","Chr10",43759679,"A","G",5.8183326674463,0.986809727816124,2.95343584482037e-11
"Chr10_51176799","Chr10",51176799,"G","T",7.82260882365043,1.19546607443625,4.24711083849374e-12
