"SNP","CHROM","POS","REF","ALT","Effect","SE","cam4pmed_55.FarmCPU"
"Chr01_76874604","Chr01",76874604,"A","C",-5.12264213050455,0.719896649583272,2.71562782742669e-14
"Chr02_1953492","Chr02",1953492,"T","G",6.74023277030906,0.966047810460391,6.76886335393351e-14
"Chr04_33328212","Chr04",33328212,"A","G",6.2263891084366,0.992409263595879,2.30127826225474e-11
"Chr05_12109370","Chr05",12109370,"T","C",7.52447130870829,1.29800145679795,2.19261706066332e-10
"Chr05_65733791","Chr05",65733791,"C","T",6.16228651585497,1.18176246835898,1.57258421115081e-09
"Chr08_59471232","Chr08",59471232,"A","G",-3.52830254007495,0.678431845028957,1.19424288596964e-09
