"SNP","CHROM","POS","REF","ALT","Effect","SE","cam4pmed_65.FarmCPU"
"Chr05_65733791","Chr05",65733791,"C","T",8.78129773834848,1.17770238350932,1.04068562497366e-14
"Chr06_40355172","Chr06",40355172,"G","A",7.53383572657193,1.35827401620671,1.88334328432113e-09
"Chr07_55445444","Chr07",55445444,"C","G",-3.64049260548855,0.7656600914144,3.90669212750706e-08
"Chr07_61132512","Chr07",61132512,"C","T",6.41737019952382,1.26730340332838,5.04674870643853e-09
"Chr08_56749607","Chr08",56749607,"G","T",4.57038613210927,0.871238231561792,9.78823872448128e-09
"Chr09_45945662","Chr09",45945662,"A","G",7.71511347143664,1.34188473910891,5.27867176581308e-10
