"SNP","CHROM","POS","REF","ALT","Effect","SE","cam4pmed_11.FarmCPU"
"Chr02_1953492","Chr02",1953492,"T","G",5.92908552298542,1.02558165794699,8.06057394358245e-11
"Chr03_6978438","Chr03",6978438,"G","A",5.4533745792348,1.0763288848035,1.08079580362998e-08
"Chr05_12109370","Chr05",12109370,"T","C",7.13772114419926,1.35624204228471,7.61250481312807e-09
"Chr08_60952625","Chr08",60952625,"A","G",5.12176906491153,0.958879111164761,1.75361629548883e-09
