"SNP","CHROM","POS","REF","ALT","Effect","SE","cam4pam_35.FarmCPU"
"Chr02_6935732","Chr02",6935732,"C","T",4.32630798708547,0.904560512164527,1.3217319271602e-08
"Chr02_22769801","Chr02",22769801,"A","G",5.74684187866223,1.1534490395771,6.89103181148572e-09
"Chr03_46968073","Chr03",46968073,"T","C",3.8310536240986,0.737651137066332,4.10724160027525e-09
"Chr07_6896487","Chr07",6896487,"T","C",3.61636536979629,0.560610932520604,2.45391880904995e-12
"Chr07_64223946","Chr07",64223946,"A","G",4.50517937840886,0.948919760185246,3.95923500833657e-08
