"SNP","CHROM","POS","REF","ALT","Effect","SE","cam4pmed_38.FarmCPU"
"Chr01_25040682","Chr01",25040682,"C","T",4.31304325467726,0.830411340137554,9.43856929293277e-09
"Chr01_35519261","Chr01",35519261,"T","G",7.71981713882143,1.27018089248294,7.54231470318967e-11
"Chr02_27069066","Chr02",27069066,"A","G",5.96172845381823,1.08623197623118,1.23373175265221e-09
"Chr03_50619487","Chr03",50619487,"C","A",5.79320541147569,1.18888768426465,5.2496533825429e-09
