"SNP","CHROM","POS","REF","ALT","Effect","SE","cam4pmed_92.FarmCPU"
"Chr01_78308875","Chr01",78308875,"A","G",3.82722315283145,0.654398103634472,1.0164456355122e-10
