"SNP","CHROM","POS","REF","ALT","Effect","SE","cam4pmed_42.FarmCPU"
"Chr02_53726008","Chr02",53726008,"G","A",7.49238989092374,1.22648581808792,7.42650552713053e-11
"Chr02_67451076","Chr02",67451076,"C","T",7.43029409399222,1.38980431452578,2.08074939599011e-09
"Chr07_60993980","Chr07",60993980,"C","T",7.67219287116514,1.22234189863121,7.03043903795317e-12
"Chr08_61979324","Chr08",61979324,"C","G",3.58934360517318,0.730638719947704,8.0193335283393e-09
"Chr10_448416","Chr10",448416,"C","T",-5.40635663646748,1.06092784321608,5.10815421869351e-09
"Chr10_15913772","Chr10",15913772,"T","A",-5.9495726731326,1.22867935841644,3.19241811828773e-08
