"SNP","CHROM","POS","REF","ALT","Effect","SE","cam4pmed_14.FarmCPU"
"Chr03_42845911","Chr03",42845911,"A","G",-5.59499983933686,1.14326184154591,1.29897882567647e-08
"Chr05_65733791","Chr05",65733791,"C","T",6.11154516000559,1.17113042586504,3.88440212332186e-09
"Chr08_61979324","Chr08",61979324,"C","G",3.58714477608598,0.711085147641177,1.36215758564775e-08
