"SNP","CHROM","POS","REF","ALT","Effect","SE","cam4pmed_74.FarmCPU"
"Chr01_70282991","Chr01",70282991,"T","C",5.3811918576191,0.907460341995028,2.22791030395708e-10
"Chr05_12109370","Chr05",12109370,"T","C",7.94926427713025,1.2828754848596,2.83454424411515e-11
"Chr07_25868024","Chr07",25868024,"C","T",6.29497430978143,1.25495848909639,1.56113879019094e-08
