"SNP","CHROM","POS","REF","ALT","Effect","SE","cam4pmed_67.FarmCPU"
"Chr02_1953492","Chr02",1953492,"T","G",6.78357547339171,0.907565931684577,1.07893211033217e-14
"Chr05_12109370","Chr05",12109370,"T","C",9.16162115074185,1.38092749661128,1.13729377479942e-12
"Chr05_41069167","Chr05",41069167,"C","T",-4.69845932529938,0.946501489674037,1.59120786563074e-09
"Chr05_65733791","Chr05",65733791,"C","T",7.04625561378035,1.12939717217904,2.53185151208909e-11
"Chr07_60993980","Chr07",60993980,"C","T",7.31311472838395,1.18206399777016,2.887013709435e-11
