"SNP","CHROM","POS","REF","ALT","Effect","SE","cam4pam_7.FarmCPU"
"Chr01_78773610","Chr01",78773610,"A","C",3.71765640039451,0.7397415859268,1.13953842048806e-08
"Chr02_17458963","Chr02",17458963,"C","T",6.12049258757516,1.19096261835918,6.62166034293378e-09
"Chr03_51282360","Chr03",51282360,"T","G",4.73871856925321,0.919281864698281,3.6533358013764e-09
"Chr05_65733791","Chr05",65733791,"C","T",8.10209775251441,1.21574053614375,1.53176860278933e-12
