"SNP","CHROM","POS","REF","ALT","Effect","SE","cam4pmed_44.FarmCPU"
"Chr05_65733791","Chr05",65733791,"C","T",8.40491367384967,1.25555494280595,1.75557542159235e-12
"Chr08_60952625","Chr08",60952625,"A","G",7.12192832720283,1.02687233639739,6.91609228822752e-14
