"SNP","CHROM","POS","REF","ALT","Effect","SE","cam4pam_18.FarmCPU"
"Chr02_54218148","Chr02",54218148,"C","A",4.40302269124447,0.907097801640364,8.38044211966424e-09
"Chr06_42337080","Chr06",42337080,"C","G",-3.26402718544717,0.691079856886862,9.55182744653452e-09
"Chr07_61132512","Chr07",61132512,"C","T",6.59687430342708,1.14299940385784,2.18104535010936e-10
"Chr09_35254659","Chr09",35254659,"A","G",6.48985468043226,1.30777004649932,8.52379515524588e-09
