"SNP","CHROM","POS","REF","ALT","Effect","SE","cam4pmed_100.FarmCPU"
"Chr01_79606252","Chr01",79606252,"C","T",-6.32169874676434,1.3011813975209,2.03353192705432e-08
"Chr03_51282360","Chr03",51282360,"T","G",4.76881800488654,0.943609342352042,3.21809807368298e-09
"Chr05_12109370","Chr05",12109370,"T","C",7.54431460094974,1.29044128252995,2.27829933872347e-10
"Chr05_39801584","Chr05",39801584,"T","C",-8.57405264283938,1.69069623941765,6.66482665947682e-09
"Chr05_55828396","Chr05",55828396,"C","T",-3.87370121949192,0.79351388831462,8.6721076594902e-09
"Chr08_56874608","Chr08",56874608,"C","G",6.54922991911714,1.20373699689256,3.06897713415921e-10
"Chr08_60952625","Chr08",60952625,"A","G",8.30605515624879,1.07233019920686,1.44972742354044e-15
"Chr10_13377096","Chr10",13377096,"A","G",6.17363614643435,1.30898068681209,1.51266156698799e-08
