"SNP","CHROM","POS","REF","ALT","Effect","SE","cam4pmed_32.FarmCPU"
"Chr05_29895612","Chr05",29895612,"A","G",10.0569070262515,1.48006402990649,1.02713692364398e-12
"Chr05_65733791","Chr05",65733791,"C","T",6.82385419285559,1.31994801730932,3.38228755709216e-09
"Chr07_25868024","Chr07",25868024,"C","T",8.43016984836785,1.52213722320347,1.95203420531371e-09
