"SNP","CHROM","POS","REF","ALT","Effect","SE","cam4pam_59.FarmCPU"
"Chr03_50669993","Chr03",50669993,"A","G",6.1461702261802,1.04630761762093,1.03142016792974e-10
"Chr04_11229736","Chr04",11229736,"A","G",6.31132878343287,1.00787078318797,1.14494481710882e-11
"Chr04_24508974","Chr04",24508974,"C","T",7.58847028869044,1.18539301047418,1.59706109420486e-12
"Chr05_65733791","Chr05",65733791,"C","T",6.70667956478503,1.33885129231844,6.40862393833417e-09
"Chr08_25777172","Chr08",25777172,"C","T",6.33461034650923,1.26995837785338,1.92551291019349e-08
