"SNP","CHROM","POS","REF","ALT","Effect","SE","cam4pam_80.FarmCPU"
"Chr01_78952565","Chr01",78952565,"T","C",4.91575157050914,0.970619181445936,8.09757447213997e-09
"Chr03_50619487","Chr03",50619487,"C","A",7.65078790214331,1.17680206118028,2.15849058304193e-12
"Chr08_44524188","Chr08",44524188,"G","A",5.27491225157115,1.00704855188658,7.90901712295198e-09
"Chr08_52014986","Chr08",52014986,"A","G",5.77446017677999,1.24548019629713,3.85440051241698e-08
"Chr08_52250489","Chr08",52250489,"A","C",5.66925594332596,1.1956027039588,2.93048077892304e-08
"Chr10_671059","Chr10",671059,"A","T",3.12910830151576,0.695574220052369,2.03016239041931e-08
