"SNP","CHROM","POS","REF","ALT","Effect","SE","cam4pmed_49.FarmCPU"
"Chr03_59139591","Chr03",59139591,"T","A",5.20902254853407,1.07630360372587,3.9252331769431e-08
"Chr05_12109370","Chr05",12109370,"T","C",8.79557791992537,1.35487826117272,9.06703672787488e-12
"Chr06_9206935","Chr06",9206935,"G","A",-5.31309254893659,1.10112256013981,1.84017575287948e-08
