"SNP","CHROM","POS","REF","ALT","Effect","SE","cam4pmed_66.FarmCPU"
"Chr03_34239659","Chr03",34239659,"A","G",6.97063966490781,1.09319326176086,7.77155392015032e-12
"Chr05_12109370","Chr05",12109370,"T","C",8.92664372967728,1.27298328859227,5.3167976854574e-13
"Chr08_61260581","Chr08",61260581,"T","C",-2.70222007314511,0.5505092767815,1.57583402614844e-08
