"SNP","CHROM","POS","REF","ALT","Effect","SE","cam4pam_14.FarmCPU"
"Chr05_5060741","Chr05",5060741,"A","T",7.71224145533457,1.08371455899972,4.67947061518321e-14
"Chr07_3998853","Chr07",3998853,"C","T",4.07941628832947,0.572010414829707,1.58652043484727e-13
"Chr09_40722025","Chr09",40722025,"A","G",6.99113264206546,1.41092051474066,1.03904700865446e-08
