"SNP","CHROM","POS","REF","ALT","Effect","SE","cam4pam_99.FarmCPU"
"Chr02_53403506","Chr02",53403506,"C","T",8.81746668183119,1.42946917563267,1.66120166751612e-11
"Chr03_25141076","Chr03",25141076,"G","A",5.02628672907524,1.0097462260867,1.15899532325892e-08
"Chr05_64998924","Chr05",64998924,"T","G",7.3890888976686,1.29912918162993,3.57454552432545e-10
"Chr05_65733791","Chr05",65733791,"C","T",9.03816804130462,1.23455163948087,3.26161946167406e-14
"Chr06_59023619","Chr06",59023619,"C","A",3.53392463109269,0.649556621488786,2.45408379228408e-10
"Chr10_8801737","Chr10",8801737,"A","G",5.64931180963887,0.926200109205288,5.27547323977469e-11
