"SNP","CHROM","POS","REF","ALT","Effect","SE","cam4pmed_45.FarmCPU"
"Chr01_62721906","Chr01",62721906,"A","C",4.299453955473,0.865965311310216,1.27621262657818e-08
"Chr02_53726008","Chr02",53726008,"G","A",7.10586341944966,1.27590712602112,7.47086946893806e-10
"Chr05_12109370","Chr05",12109370,"T","C",6.57791959184541,1.37126363920476,3.66402661034709e-08
"Chr10_6354633","Chr10",6354633,"C","T",5.4497502936253,1.05891766797077,4.51805907156396e-09
