"SNP","CHROM","POS","REF","ALT","Effect","SE","cam4pmed_81.FarmCPU"
"Chr01_30927155","Chr01",30927155,"A","G",-3.028838322705,0.633342467040742,5.99529453731685e-10
"Chr01_70282991","Chr01",70282991,"T","C",4.55034104541126,0.890635539359494,1.00607339128965e-08
"Chr05_12109370","Chr05",12109370,"T","C",9.53814564829351,1.29180758387443,3.93874413462644e-14
"Chr07_39690023","Chr07",39690023,"T","A",-8.65435889148901,1.83026171168777,3.40582323732167e-08
"Chr09_56446879","Chr09",56446879,"G","T",3.80283919639404,0.787920140882466,4.28484267092143e-08
"Chr10_6992799","Chr10",6992799,"T","A",-4.97643552990704,0.778204408776784,9.29786832683905e-12
