"SNP","CHROM","POS","REF","ALT","Effect","SE","cam4pmed_53.FarmCPU"
"Chr02_38310584","Chr02",38310584,"T","A",11.0514640153946,1.83865821875944,6.37610523652608e-11
"Chr02_53726008","Chr02",53726008,"G","A",7.6107799757157,1.19434889358683,1.56210741721396e-12
"Chr04_33314173","Chr04",33314173,"C","A",5.7844256638681,1.16151535672063,4.41692748078824e-09
"Chr05_2250751","Chr05",2250751,"C","G",2.78084804071761,0.561992572209325,1.47755239943291e-08
"Chr07_61128388","Chr07",61128388,"T","C",3.81319851009524,0.774100386084806,1.77548063632115e-08
"Chr08_6134370","Chr08",6134370,"C","T",5.80990995305188,1.03210605281662,2.90118079736413e-10
"Chr10_1338640","Chr10",1338640,"A","G",4.53929599969874,0.954837656995533,4.00861837736059e-08
"Chr10_7216278","Chr10",7216278,"G","C",3.73409073479661,0.716023463257924,3.31479014358517e-09
