"SNP","CHROM","POS","REF","ALT","Effect","SE","cam4pam_93.FarmCPU"
"Chr02_54030256","Chr02",54030256,"G","A",6.26348910926251,1.20673101612643,4.56275299186589e-09
"Chr05_12109370","Chr05",12109370,"T","C",11.1464328278286,1.31165777842754,1.96868880481048e-17
"Chr06_58212197","Chr06",58212197,"G","T",-3.12505966629985,0.627003603502475,1.36976428966599e-08
"Chr10_448416","Chr10",448416,"C","T",-4.76220798141191,1.00833026597128,4.3780541991509e-08
