"SNP","CHROM","POS","REF","ALT","Effect","SE","cam4pmed_85.FarmCPU"
"Chr01_20071221","Chr01",20071221,"G","A",7.00139923769016,1.15441421236697,5.30364049489331e-12
"Chr01_78824572","Chr01",78824572,"C","T",6.58012024879346,1.19424940499517,3.35561345759918e-10
"Chr06_35635240","Chr06",35635240,"T","C",11.692701019959,2.02749956943417,5.21495870422897e-11
"Chr07_10083511","Chr07",10083511,"G","A",-7.68366285030541,1.10894427722443,1.67467250644632e-13
