"SNP","CHROM","POS","REF","ALT","Effect","SE","cam4pmed_25.FarmCPU"
"Chr03_42845911","Chr03",42845911,"A","G",-6.18061777049056,1.20282874875854,5.45990578850544e-09
"Chr05_51686077","Chr05",51686077,"G","A",7.40695976458358,1.56782663478889,2.46096728240699e-08
"Chr06_4280196","Chr06",4280196,"G","A",6.74924985268915,1.27613543297206,4.69529549231034e-09
"Chr08_59340322","Chr08",59340322,"G","A",-5.05268135831669,0.907010307577972,9.50706038756465e-10
