"SNP","CHROM","POS","REF","ALT","Effect","SE","cam4pam_11.FarmCPU"
"Chr01_9868455","Chr01",9868455,"A","T",16.1579979992566,1.96710173596505,1.16579655343765e-16
"Chr01_70282991","Chr01",70282991,"T","C",5.60644496414995,0.927471053480862,5.62505868899633e-11
"Chr04_53204958","Chr04",53204958,"T","C",-2.9578676325392,0.638658159559898,4.37251977722992e-08
"Chr05_5060741","Chr05",5060741,"A","T",7.85316778914312,1.34219807991567,2.46513273415101e-10
"Chr10_8550210","Chr10",8550210,"T","C",3.91051457745647,0.727899919296494,2.94520126270074e-09
