"SNP","CHROM","POS","REF","ALT","Effect","SE","cam4pmed_6.FarmCPU"
"Chr03_50619487","Chr03",50619487,"C","A",6.08190870331506,1.34855238575317,4.27603765592719e-08
"Chr05_12109370","Chr05",12109370,"T","C",9.21082515377203,1.53150004146558,1.2466278882463e-10
"Chr05_65733791","Chr05",65733791,"C","T",7.7020559094697,1.38765670227679,1.06326910593507e-10
