"SNP","CHROM","POS","REF","ALT","Effect","SE","cam4pmed_60.FarmCPU"
"Chr01_15195231","Chr01",15195231,"C","T",7.11196429974211,1.35806685081534,7.57909379933803e-09
"Chr03_42845911","Chr03",42845911,"A","G",-7.50022812281115,1.26985308882398,2.74074546630417e-11
"Chr04_5887161","Chr04",5887161,"G","A",5.48151855129926,1.07378820488074,5.05003153980978e-09
"Chr04_10243714","Chr04",10243714,"C","T",6.10854532881963,0.926988319254488,9.40809363284104e-13
"Chr04_33076546","Chr04",33076546,"C","T",4.33537495059869,0.825102944752848,7.99210436745719e-10
"Chr05_12109370","Chr05",12109370,"T","C",6.41241993275343,1.31267772164106,2.93504793058156e-08
"Chr05_65733791","Chr05",65733791,"C","T",7.79985413249644,1.1706691936574,3.78797905881931e-13
"Chr07_8426482","Chr07",8426482,"T","A",-3.14002443849185,0.649533431963324,1.74260551814717e-08
"Chr07_25868024","Chr07",25868024,"C","T",7.91074606904331,1.51651354104643,6.36696666911161e-09
