"SNP","CHROM","POS","REF","ALT","Effect","SE","cam4pmed_83.FarmCPU"
"Chr03_9109915","Chr03",9109915,"C","T",3.80572953673262,0.504391391775961,4.62670560769652e-15
"Chr03_50619487","Chr03",50619487,"C","A",12.8707896177429,1.07628366186564,7.59348226009828e-29
"Chr04_1597997","Chr04",1597997,"C","T",4.6000127079421,0.897372509450976,8.11886931122499e-09
"Chr05_55146458","Chr05",55146458,"G","A",9.6515638426181,1.38105713346237,1.13391858884096e-13
"Chr05_60410018","Chr05",60410018,"T","C",4.30174701869694,0.861166701315567,1.10286623163775e-08
"Chr07_65051620","Chr07",65051620,"C","T",-3.4186932321048,0.629522149689011,8.59260523848191e-10
"Chr08_40223196","Chr08",40223196,"T","A",-6.22725287261476,1.24092440381165,6.94649267791119e-09
"Chr08_52030350","Chr08",52030350,"C","G",5.83437031470648,1.22958891064935,3.45757117299241e-08
