"SNP","CHROM","POS","REF","ALT","Effect","SE","cam4pam_48.FarmCPU"
"Chr02_53403528","Chr02",53403528,"A","G",6.45858458400318,1.3225137888628,1.72369202485154e-08
"Chr03_8065174","Chr03",8065174,"T","C",5.17191369891425,0.998983336099927,7.06960938801075e-09
"Chr04_1594757","Chr04",1594757,"T","G",4.31591102729984,0.909176076522079,4.15097642262862e-08
"Chr05_12109370","Chr05",12109370,"T","C",6.36799416289478,1.31989266288414,3.06445180219395e-08
"Chr05_62760893","Chr05",62760893,"G","A",5.73133955598886,1.05377771994935,2.12346805237547e-09
"Chr06_12305665","Chr06",12305665,"C","G",-4.57282598105623,1.06533447396325,2.27247109757763e-08
"Chr06_58210862","Chr06",58210862,"C","G",-3.0671548416884,0.585458097146952,7.69970073562556e-10
