"SNP","CHROM","POS","REF","ALT","Effect","SE","cam4pam_21.FarmCPU"
"Chr02_14417683","Chr02",14417683,"T","C",4.44685222869539,0.861103789685265,3.61432745571596e-09
"Chr03_68779389","Chr03",68779389,"T","A",-6.47854214430432,0.89240508308572,1.75926377691673e-14
"Chr06_43326197","Chr06",43326197,"C","T",-3.4692530479073,0.873992758103895,1.37422836727256e-08
"Chr07_39789661","Chr07",39789661,"T","A",-5.76687115117014,1.14640533478036,4.15827217789126e-09
