"SNP","CHROM","POS","REF","ALT","Effect","SE","cam4pmed_59.FarmCPU"
"Chr02_55185373","Chr02",55185373,"C","T",6.10280713869046,1.35806193332231,4.27200830809644e-08
"Chr03_50669887","Chr03",50669887,"G","A",6.56631352631583,1.07462625416765,2.16324898693587e-11
"Chr05_12109370","Chr05",12109370,"T","C",7.55327423829654,1.41982060749172,1.73889160201433e-09
"Chr08_60952625","Chr08",60952625,"A","G",5.56544896854646,0.972121909310381,6.38547953747522e-11
