"SNP","CHROM","POS","REF","ALT","Effect","SE","cam4pam_53.FarmCPU"
"Chr02_38310584","Chr02",38310584,"T","A",13.0864888588337,1.93201037628375,9.88236351406804e-13
"Chr02_53726008","Chr02",53726008,"G","A",6.46574619562829,1.28581679344971,6.55569289459096e-09
"Chr07_10083511","Chr07",10083511,"G","A",-5.5488662933989,1.10645856286972,2.77229302736261e-08
"Chr08_52250489","Chr08",52250489,"A","C",6.23056320266306,1.18288686487762,3.46825561699362e-09
