"SNP","CHROM","POS","REF","ALT","Effect","SE","cam4pmed_1.FarmCPU"
"Chr03_9109915","Chr03",9109915,"C","T",2.95928018731275,0.652098996957558,1.74678382216104e-08
"Chr03_50622155","Chr03",50622155,"C","T",4.78027177170188,0.854859249917887,8.42004661606902e-10
"Chr05_65733791","Chr05",65733791,"C","T",6.68898420502298,1.3085096062665,7.53872105588375e-09
"Chr07_61132512","Chr07",61132512,"C","T",5.85914561802167,1.19186144143709,8.96499678673553e-09
"Chr08_55855078","Chr08",55855078,"G","A",3.6965629944245,0.787764199808355,1.19970826870552e-08
"Chr10_10679527","Chr10",10679527,"C","T",5.61367621986917,1.08494087438821,1.63479344942967e-09
