"SNP","CHROM","POS","REF","ALT","Effect","SE","cam4pmed_3.FarmCPU"
"Chr04_6503066","Chr04",6503066,"T","C",8.47624898458817,1.52263591140956,3.39267245472146e-10
"Chr05_12109370","Chr05",12109370,"T","C",8.17611052580991,1.57135857368984,6.19612564045705e-09
"Chr06_41390777","Chr06",41390777,"T","A",7.30330787647536,1.23197998669267,2.677761216601e-11
"Chr07_42477226","Chr07",42477226,"A","T",-6.20451443208468,1.28653601097672,1.95736127524335e-09
"Chr08_49526994","Chr08",49526994,"T","A",-3.61923271142009,0.71894603271839,1.64337836498065e-08
"Chr09_56446959","Chr09",56446959,"C","A",5.73630872009407,1.10984453833641,4.62734877572952e-09
