"SNP","CHROM","POS","REF","ALT","Effect","SE","cam4pmed_19.FarmCPU"
"Chr02_53726008","Chr02",53726008,"G","A",6.35273886126052,1.23193319182511,2.94246194543823e-09
"Chr04_33314173","Chr04",33314173,"C","A",6.03797415280359,1.22197110986527,2.77654424426105e-08
"Chr05_9000479","Chr05",9000479,"T","C",4.74540481742473,1.03328563414419,2.80705375781599e-08
"Chr05_12109370","Chr05",12109370,"T","C",6.95357477431337,1.3490124082419,8.20604044458763e-09
"Chr05_64966520","Chr05",64966520,"A","G",3.87214100894326,0.772815592634728,9.37725720058911e-09
