"SNP","CHROM","POS","REF","ALT","Effect","SE","cam4pam_19.FarmCPU"
"Chr02_53725979","Chr02",53725979,"C","T",6.7157254303504,1.1766130865839,5.10911250672982e-10
"Chr03_42845911","Chr03",42845911,"A","G",-5.8687314251942,1.18547502350097,1.21989864297179e-08
"Chr04_24508974","Chr04",24508974,"C","T",6.70232781328887,1.22914427364874,1.7437020140311e-09
"Chr05_12109370","Chr05",12109370,"T","C",6.16886848820077,1.23060614282081,4.93957215015842e-09
"Chr06_41390777","Chr06",41390777,"T","A",5.60182844143719,1.11621214143714,4.9161453096432e-09
"Chr06_45676416","Chr06",45676416,"C","G",-6.03644375910959,1.30589306641084,3.30145697682628e-08
