"SNP","CHROM","POS","REF","ALT","Effect","SE","cam4pam_92.FarmCPU"
"Chr01_78952565","Chr01",78952565,"T","C",5.69953554093411,1.08557504688049,4.62106609410036e-09
"Chr02_73666430","Chr02",73666430,"T","C",3.66247304629653,0.629832545932932,2.71146635521764e-10
"Chr04_10243714","Chr04",10243714,"C","T",5.68968168738343,0.960922106199091,1.13361632980019e-10
"Chr07_61167336","Chr07",61167336,"C","G",7.93840809062391,1.63857055054167,1.87757751062867e-08
"Chr09_56446959","Chr09",56446959,"C","A",6.06036022329816,0.892738728404696,5.05740858916802e-13
