"SNP","CHROM","POS","REF","ALT","Effect","SE","cam4pmed_8.FarmCPU"
"Chr03_34239659","Chr03",34239659,"A","G",10.9515580192585,1.12577710997148,2.66376614464416e-21
"Chr06_40810116","Chr06",40810116,"A","G",6.72163036140845,1.19401998980658,1.54749955435407e-10
"Chr08_58276862","Chr08",58276862,"A","C",-4.12153736030136,0.88286147600108,3.07230371545708e-08
"Chr10_6911936","Chr10",6911936,"A","G",3.67978777722121,0.721066718658864,3.19668932623669e-09
