"SNP","CHROM","POS","REF","ALT","Effect","SE","cam4pam_57.FarmCPU"
"Chr02_53403506","Chr02",53403506,"C","T",7.65766246881058,1.48634339920192,9.80310258703271e-09
"Chr05_65733791","Chr05",65733791,"C","T",8.29332525868599,1.33177313685994,9.84292875325136e-12
"Chr09_40399071","Chr09",40399071,"G","A",8.3359555391036,1.65868024909185,3.08994554157455e-08
"Chr10_8801737","Chr10",8801737,"A","G",6.96507148370993,1.02942797195098,4.20558313564289e-12
