"SNP","CHROM","POS","REF","ALT","Effect","SE","cam4pmed_48.FarmCPU"
"Chr01_61098389","Chr01",61098389,"G","T",7.43701111176209,1.28537164488666,7.60005680595251e-11
"Chr03_50622155","Chr03",50622155,"C","T",4.89242071365264,0.770924924281681,3.29268471860632e-12
"Chr04_13620144","Chr04",13620144,"C","T",6.736104678272,1.48945055643333,6.32729756046576e-09
"Chr05_12109370","Chr05",12109370,"T","C",8.5269292146738,1.40677857913036,2.04198909964204e-11
"Chr06_58212827","Chr06",58212827,"T","C",-2.82028817437503,0.594559954750776,1.53359778701014e-08
