"SNP","CHROM","POS","REF","ALT","Effect","SE","cam4pam_91.FarmCPU"
"Chr01_62721906","Chr01",62721906,"A","C",4.71127069856272,0.755741930113779,1.37697429828388e-11
"Chr02_38310584","Chr02",38310584,"T","A",14.7622458544176,1.82447193547392,4.40557660101846e-17
"Chr03_37316853","Chr03",37316853,"C","T",7.56977034711621,1.3290520302594,3.24466742041686e-10
"Chr05_65733791","Chr05",65733791,"C","T",6.60283971862688,1.11525922558316,5.53970258732996e-11
"Chr08_29425117","Chr08",29425117,"G","A",7.10626167294277,1.40169284462386,6.55610964564706e-09
"Chr08_40771816","Chr08",40771816,"T","C",5.7201438794544,1.18185670848032,5.688695030604e-09
"Chr09_53066146","Chr09",53066146,"G","A",6.96690730730756,0.958102084054931,8.0720313481499e-14
