"SNP","CHROM","POS","REF","ALT","Effect","SE","cam4pmed_46.FarmCPU"
"Chr01_6280704","Chr01",6280704,"G","T",-4.72698379992423,0.851109498350903,1.08469277558329e-09
"Chr02_17611509","Chr02",17611509,"A","T",-5.97496031854828,1.10235696693434,4.54954152974968e-09
"Chr02_53403506","Chr02",53403506,"C","T",10.016910357921,1.39853709028236,4.63432567464885e-14
"Chr03_51282360","Chr03",51282360,"T","G",5.40994973101734,0.89628056194308,6.2963829230537e-11
"Chr04_6242681","Chr04",6242681,"G","A",7.40459053881351,1.32901812725729,5.62870337038858e-10
"Chr04_45233953","Chr04",45233953,"T","A",-8.2314361510878,1.43460235485076,1.73210312206981e-11
"Chr04_66853141","Chr04",66853141,"C","T",5.87608463901059,1.02036590591002,1.31301653656325e-10
"Chr05_65733791","Chr05",65733791,"C","T",8.80671032936023,1.1453558532478,2.24113071924903e-15
"Chr07_61184406","Chr07",61184406,"C","A",4.49455791217664,0.879949298009492,2.71639662079105e-09
"Chr08_52250489","Chr08",52250489,"A","C",6.3517622575646,1.26892570119826,6.93646086572572e-09
