"SNP","CHROM","POS","REF","ALT","Effect","SE","cam4pmed_33.FarmCPU"
"Chr03_36429775","Chr03",36429775,"A","G",6.28518737044892,1.14738559217026,1.53410823558509e-09
"Chr04_63919882","Chr04",63919882,"G","A",8.35718055969032,1.5509833456195,3.12850891900149e-09
"Chr05_12109370","Chr05",12109370,"T","C",8.94523797068219,1.15562754303853,2.88223540104074e-15
"Chr05_59320597","Chr05",59320597,"T","C",2.7745416490511,0.573031334743184,3.34153669217361e-08
"Chr05_65733791","Chr05",65733791,"C","T",5.91250849505197,1.00470586586431,8.51496301149708e-11
"Chr08_43544682","Chr08",43544682,"A","T",-5.23012706876613,1.13920934077232,3.54800212118789e-08
"Chr10_13064322","Chr10",13064322,"T","C",-3.09987162627889,0.669782371503709,1.7781003385991e-08
"Chr10_43759679","Chr10",43759679,"A","G",4.26988445435633,0.807358054259038,2.19966228626325e-09
