"SNP","CHROM","POS","REF","ALT","Effect","SE","cam4pmed_93.FarmCPU"
"Chr01_70282423","Chr01",70282423,"T","C",4.2529417881794,0.883144654525644,2.50092357206248e-08
"Chr02_38092609","Chr02",38092609,"A","G",5.42306116136008,0.827857273264453,9.1553456511359e-13
"Chr02_53726008","Chr02",53726008,"G","A",7.42710264751861,1.00952758803016,4.08894442401344e-15
"Chr02_69798008","Chr02",69798008,"C","G",-3.96689332625766,0.850170437802412,1.09109565322199e-08
"Chr03_24893610","Chr03",24893610,"A","T",-6.320773422865,1.20106286270105,1.30050691664127e-09
"Chr03_60019845","Chr03",60019845,"G","A",4.44151968753566,0.845538791589411,2.55078675289531e-09
"Chr04_33314173","Chr04",33314173,"C","A",5.55367483203631,1.03035386319841,3.16807810153129e-09
"Chr05_61804278","Chr05",61804278,"C","G",3.25622876515313,0.545875852902297,6.73664962651963e-11
"Chr07_10083511","Chr07",10083511,"G","A",-4.53897638293878,0.900055247097296,6.74971439875163e-09
"Chr07_61167304","Chr07",61167304,"A","G",5.90384316729215,0.834531269365041,1.2336303904751e-13
