"SNP","CHROM","POS","REF","ALT","Effect","SE","cam4pmed_91.FarmCPU"
"Chr01_62721906","Chr01",62721906,"A","C",4.90883209872326,0.770959772194955,5.79287811379026e-12
"Chr02_38310584","Chr02",38310584,"T","A",13.4988641780853,1.89353831465218,1.86865913195197e-13
"Chr05_65733791","Chr05",65733791,"C","T",6.56127304928681,1.15587342920109,1.74483946426293e-10
"Chr09_53066146","Chr09",53066146,"G","A",6.03590964010129,0.979698490451441,9.39384867199909e-12
