"SNP","CHROM","POS","REF","ALT","Effect","SE","cam4pam_33.FarmCPU"
"Chr01_78312438","Chr01",78312438,"T","C",3.29063901532954,0.634148854080979,5.37363858392281e-09
"Chr02_53726008","Chr02",53726008,"G","A",6.53794235561747,1.21543542285725,2.42507959646405e-09
"Chr04_6562307","Chr04",6562307,"T","C",-2.97661879318262,0.627068907970928,3.59505555463484e-08
"Chr04_66853141","Chr04",66853141,"C","T",5.82573482720202,1.27444493051887,1.73041495313769e-08
"Chr05_12109370","Chr05",12109370,"T","C",6.98880278153553,1.32802136330262,8.28228411313857e-09
"Chr05_65733791","Chr05",65733791,"C","T",7.36580379753968,1.16316929198023,9.07977905238453e-12
"Chr09_788631","Chr09",788631,"A","G",-5.1249540488964,0.731217219275241,1.46212553499395e-13
"Chr09_56472263","Chr09",56472263,"G","A",4.68493620526979,0.8294581766681,6.20010154515358e-11
"Chr10_43759679","Chr10",43759679,"A","G",5.53958584876931,0.92084684728778,3.47378739346535e-11
