"SNP","CHROM","POS","REF","ALT","Effect","SE","cam4pmed_18.FarmCPU"
"Chr02_54218148","Chr02",54218148,"C","A",4.11392755526547,0.813109770044938,6.45942537442063e-09
"Chr03_43161408","Chr03",43161408,"T","C",4.94447525910101,0.91290621150891,1.63219558240633e-09
"Chr04_10243714","Chr04",10243714,"C","T",4.04813075408328,0.822643066872402,1.1255623898834e-08
"Chr07_61132512","Chr07",61132512,"C","T",6.64903837829979,1.03233138979619,6.11498781105813e-12
"Chr10_18519597","Chr10",18519597,"C","T",-6.55448580241995,1.09158433348526,1.1460613353572e-10
