"SNP","CHROM","POS","REF","ALT","Effect","SE","cam4pmed_79.FarmCPU"
"Chr01_35519261","Chr01",35519261,"T","G",8.28404846635248,1.08895544465136,5.85477231457678e-15
"Chr02_3424011","Chr02",3424011,"G","A",5.88623084324497,1.15484007468346,1.42050610744614e-09
"Chr02_6935732","Chr02",6935732,"C","T",4.39525491273897,0.884800758548286,2.4873544508928e-08
"Chr03_11103546","Chr03",11103546,"C","T",3.97101350066392,0.661024944425103,4.70999774604346e-11
"Chr09_23754292","Chr09",23754292,"C","T",3.9436888052386,0.789125048084914,2.65658244259725e-09
