"SNP","CHROM","POS","REF","ALT","Effect","SE","cam4pmed_57.FarmCPU"
"Chr10_8801737","Chr10",8801737,"A","G",6.79348547156075,0.98011975375403,9.61694768543378e-14
