"SNP","CHROM","POS","REF","ALT","Effect","SE","cam4pmed_73.FarmCPU"
"Chr02_73614496","Chr02",73614496,"T","C",3.39455890668383,0.822405365963075,1.27981697873214e-08
"Chr05_65733791","Chr05",65733791,"C","T",8.15188765787725,1.49614674443768,8.60989443965812e-10
"Chr08_59340322","Chr08",59340322,"G","A",-6.65785254574619,1.12291771867518,3.42081109535751e-11
