"SNP","CHROM","POS","REF","ALT","Effect","SE","cam4pam_66.FarmCPU"
"Chr05_5904336","Chr05",5904336,"A","C",4.56022038643739,0.927736144266075,8.86713381973446e-09
"Chr05_12109370","Chr05",12109370,"T","C",7.46538449814932,1.4473923270101,1.64687089047236e-08
