"SNP","CHROM","POS","REF","ALT","Effect","SE","cam4pmed_15.FarmCPU"
"Chr03_6978438","Chr03",6978438,"G","A",6.48553832080342,1.15123633742099,5.83997822261818e-10
"Chr04_10586281","Chr04",10586281,"C","A",4.43400383933968,0.90566227191214,3.82916244872246e-08
"Chr05_65733791","Chr05",65733791,"C","T",7.07898408911407,1.23614901582108,1.71004720351439e-10
"Chr07_25868024","Chr07",25868024,"C","T",8.19023215581265,1.5126367505747,3.27822072260682e-10
"Chr08_47412981","Chr08",47412981,"A","G",6.59970986368694,1.32435995161011,4.45158474529774e-08
