"SNP","CHROM","POS","REF","ALT","Effect","SE","cam4pam_83.FarmCPU"
"Chr01_57618180","Chr01",57618180,"C","T",5.1124275492052,0.995837218818411,3.79214218998245e-09
"Chr03_9109915","Chr03",9109915,"C","T",3.63177214444296,0.533418544891963,3.18086505901709e-13
"Chr03_50619487","Chr03",50619487,"C","A",12.6204436773901,1.06870825381389,4.65342440361688e-28
"Chr07_3998537","Chr07",3998537,"C","A",3.04416012723509,0.592735502456466,5.27095125060848e-09
