"SNP","CHROM","POS","REF","ALT","Effect","SE","cam4pmed_77.FarmCPU"
"Chr01_1305738","Chr01",1305738,"G","C",5.11656657112505,1.01818553328909,1.07528516897583e-08
"Chr01_36710752","Chr01",36710752,"G","A",4.95359700092212,1.03702175482071,1.72080046303679e-08
"Chr05_12109359","Chr05",12109359,"C","T",7.36330615388559,1.24349498494802,2.22299022872924e-11
"Chr05_65733791","Chr05",65733791,"C","T",5.2528984197846,1.12214851984037,8.83240556530155e-09
"Chr08_23284377","Chr08",23284377,"C","T",6.84490832057857,1.18967790068632,1.82008911795596e-10
"Chr10_26682302","Chr10",26682302,"C","T",8.12133915467531,1.23655519951717,5.38345533693685e-12
