"SNP","CHROM","POS","REF","ALT","Effect","SE","cam4pam_79.FarmCPU"
"Chr01_78288918","Chr01",78288918,"C","G",3.17470327419111,0.61555346018283,3.70856109492858e-09
"Chr03_11103546","Chr03",11103546,"C","T",2.85140059143611,0.597468750641891,2.2375162541115e-08
"Chr03_50605080","Chr03",50605080,"T","C",7.37762641434727,0.790128493631138,7.92716643080705e-20
"Chr03_59504954","Chr03",59504954,"G","A",4.62440649829527,0.906693716344147,1.54861853053305e-08
"Chr05_5060741","Chr05",5060741,"A","T",7.88814031150298,0.998794138545994,3.75766550397022e-15
