"SNP","CHROM","POS","REF","ALT","Effect","SE","cmed3_79.FarmCPU"
"Chr01_47616009","Chr01",47616009,"A","C",11.6465084421231,1.85948898739646,2.84580119391613e-11
"Chr04_24414408","Chr04",24414408,"T","C",6.40666629804856,1.3337433852381,3.02084038477388e-08
"Chr09_11836864","Chr09",11836864,"G","C",6.8473712319571,1.12457922699371,4.6072936443767e-11
"Chr10_58913110","Chr10",58913110,"C","T",3.69595817611341,0.634688388072903,2.52229213691832e-10
