"SNP","CHROM","POS","REF","ALT","Effect","SE","cmed3_12.FarmCPU"
"Chr01_77557763","Chr01",77557763,"G","A",-5.48570737647277,0.795396179997513,4.12743675629936e-13
"Chr04_41737365","Chr04",41737365,"C","T",9.61305309822105,1.79821680210812,4.26808178470261e-10
