"SNP","CHROM","POS","REF","ALT","Effect","SE","cmed3_31.FarmCPU"
"Chr02_60599498","Chr02",60599498,"T","A",7.92756197796211,1.44415060605517,2.83393110639725e-09
"Chr04_16982114","Chr04",16982114,"G","A",12.4048424364901,2.27843941479839,3.06595901129888e-09
"Chr06_41390777","Chr06",41390777,"T","A",8.50244245876847,1.42981970222365,5.24649648149065e-11
"Chr08_29425117","Chr08",29425117,"G","A",12.3077636435889,1.78254459949721,3.18380306334544e-13
