"SNP","CHROM","POS","REF","ALT","Effect","SE","cmed3_48.FarmCPU"
"Chr02_19770800","Chr02",19770800,"A","G",5.9666059683579,1.28057651926481,3.98292612552291e-08
"Chr05_12109359","Chr05",12109359,"C","T",9.10454756851878,1.54282702818365,3.88816487198791e-10
"Chr06_41390777","Chr06",41390777,"T","A",8.65553813966635,1.18213785412741,4.95189574087294e-14
"Chr08_29425117","Chr08",29425117,"G","A",10.356300314465,1.67293069183277,3.19994008661452e-11
