"SNP","CHROM","POS","REF","ALT","Effect","SE","cmed3_73.FarmCPU"
"Chr04_33328212","Chr04",33328212,"A","G",7.53096786324335,1.48967662920976,1.12480556703991e-08
"Chr05_12109359","Chr05",12109359,"C","T",11.9361446197307,1.87796892179787,1.70701609809561e-11
"Chr06_41390777","Chr06",41390777,"T","A",6.49685570255575,1.42216244420627,4.15894105329448e-08
