"SNP","CHROM","POS","REF","ALT","Effect","SE","cmed3_3.FarmCPU"
"Chr05_5060741","Chr05",5060741,"A","T",9.3573335279776,1.33223429168699,3.47956978638144e-13
"Chr06_15496478","Chr06",15496478,"T","C",8.47720756806411,1.6319109262213,7.53608603953337e-09
"Chr06_28915889","Chr06",28915889,"G","A",-7.59581580459429,1.72787877695923,5.90128005677288e-09
"Chr06_41390777","Chr06",41390777,"T","A",11.4910691851118,1.4904255002931,1.21145426650278e-15
"Chr08_29425117","Chr08",29425117,"G","A",10.5179302806478,1.72783134865967,1.89133937454124e-11
"Chr09_41535993","Chr09",41535993,"G","A",7.49507316450944,1.5174418376659,1.25046663324803e-08
