"SNP","CHROM","POS","REF","ALT","Effect","SE","cmed3_61.FarmCPU"
"Chr02_38310584","Chr02",38310584,"T","A",14.5099161675856,2.43027499190683,1.08468354095326e-10
"Chr06_41390777","Chr06",41390777,"T","A",6.82067435761364,1.44247139269281,2.66827718728901e-08
"Chr07_62984207","Chr07",62984207,"G","A",-3.77868774856129,0.760808049711082,9.97626943940944e-09
"Chr08_47412981","Chr08",47412981,"A","G",7.04974778343413,1.45157435921715,2.88467882500507e-08
"Chr10_3006777","Chr10",3006777,"A","G",-6.87957330667141,1.04448698577751,1.03935891532112e-12
