"SNP","CHROM","POS","REF","ALT","Effect","SE","cmed3_21.FarmCPU"
"Chr01_13966504","Chr01",13966504,"T","C",3.74866264251643,0.771029745100872,1.84598921284005e-08
"Chr01_35519261","Chr01",35519261,"T","G",12.9325758199404,1.32036463318585,6.03921288644258e-21
"Chr05_52148143","Chr05",52148143,"C","T",7.82365197673913,1.68323577797192,3.82802948344712e-08
"Chr07_6481043","Chr07",6481043,"C","T",5.78354317919274,1.19251496499208,1.82272377299767e-08
"Chr10_58913110","Chr10",58913110,"C","T",3.39093287678102,0.690480725082023,1.74000052553757e-08
