"SNP","CHROM","POS","REF","ALT","Effect","SE","cmed3_5.FarmCPU"
"Chr01_17481665","Chr01",17481665,"G","A",3.71226441713343,0.75741703665828,3.95606953641132e-08
"Chr10_58970709","Chr10",58970709,"T","A",3.58185112755299,0.753321068539171,4.02577772964407e-08
