"SNP","CHROM","POS","REF","ALT","Effect","SE","cmed3_92.FarmCPU"
"Chr01_17481665","Chr01",17481665,"G","A",5.17238925177383,0.818951028913418,1.40036086262166e-11
"Chr10_39362893","Chr10",39362893,"A","T",9.32650346847492,1.59201323731088,2.26798515206541e-08
"Chr10_39494550","Chr10",39494550,"C","T",-6.12629936431587,1.34070373142445,9.8765840835969e-13
"Chr10_58970709","Chr10",58970709,"T","A",3.87078202678867,0.818398470511544,4.0247508082863e-08
