"SNP","CHROM","POS","REF","ALT","Effect","SE","cmed3_40.FarmCPU"
"Chr01_17481665","Chr01",17481665,"G","A",4.0390914705911,0.721532412589292,3.67209022365392e-10
"Chr02_38310584","Chr02",38310584,"T","A",11.7780478176135,2.31349682906268,3.52904491933727e-09
"Chr03_66159102","Chr03",66159102,"C","G",4.24608611770947,0.802646463759229,1.02516003699123e-09
"Chr06_41390777","Chr06",41390777,"T","A",10.4138907094759,1.50373143154231,9.13425380009701e-14
"Chr08_61979471","Chr08",61979471,"G","A",3.73571346173824,0.830966843796405,3.26042537646543e-08
"Chr10_58913641","Chr10",58913641,"C","T",3.41573271605622,0.701131213882296,2.28283778571113e-08
