"SNP","CHROM","POS","REF","ALT","Effect","SE","cmed3_57.FarmCPU"
"Chr02_53403506","Chr02",53403506,"C","T",9.15971850033002,1.69283348876491,2.08352751783891e-09
"Chr04_33328212","Chr04",33328212,"A","G",7.10960137465995,1.39860864887118,1.12253025980128e-08
"Chr06_29339227","Chr06",29339227,"G","T",-6.48650854258739,1.37344564756017,2.68577919633309e-08
"Chr08_29425117","Chr08",29425117,"G","A",12.2419202233951,1.82000656522863,1.94693565738934e-12
"Chr10_58913110","Chr10",58913110,"C","T",4.02735494098866,0.717757872591677,7.3337238415356e-10
