"SNP","CHROM","POS","REF","ALT","Effect","SE","cmed3_26.FarmCPU"
"Chr02_38310584","Chr02",38310584,"T","A",12.3213733678319,2.43637515259476,3.2580755368613e-09
"Chr05_62141512","Chr05",62141512,"C","T",4.52457582744915,0.883028273344645,1.88532194634192e-08
"Chr08_62646407","Chr08",62646407,"C","T",8.46272466968147,1.67510443886441,2.42708168025094e-08
