"SNP","CHROM","POS","REF","ALT","Effect","SE","cmed3_83.FarmCPU"
"Chr05_12109359","Chr05",12109359,"C","T",9.84259644949809,1.98219094042974,2.21550023155815e-08
