"SNP","CHROM","POS","REF","ALT","Effect","SE","cmed3_14.FarmCPU"
"Chr05_5060741","Chr05",5060741,"A","T",8.95071401006393,1.51961925383205,6.87098581820119e-11
"Chr08_40728182","Chr08",40728182,"G","A",6.9120683927176,1.35214189351165,7.94445441751632e-09
"Chr10_58971854","Chr10",58971854,"C","A",4.13480153275194,0.679706728688646,7.56814619699299e-11
