"SNP","CHROM","POS","REF","ALT","Effect","SE","cmed3_52.FarmCPU"
"Chr01_75861837","Chr01",75861837,"A","G",5.42943767849376,0.807075882698786,3.75961615888159e-13
"Chr06_41390777","Chr06",41390777,"T","A",7.92412890920166,1.47325962922103,9.68497656585459e-10
"Chr10_58913110","Chr10",58913110,"C","T",4.376946800403,0.734351302011258,1.10649566903918e-10
