"SNP","CHROM","POS","REF","ALT","Effect","SE","cmed3_7.FarmCPU"
"Chr01_78773610","Chr01",78773610,"A","C",4.33328089993422,0.866176559503001,5.89639839120816e-09
"Chr02_76489301","Chr02",76489301,"G","A",9.70934625873165,1.60107384019464,6.00465418789525e-11
"Chr03_9632892","Chr03",9632892,"G","T",6.9952913499952,1.55682372145085,1.46730573133273e-08
"Chr04_24544418","Chr04",24544418,"A","T",6.34051614037693,1.34370994780685,6.48271637213723e-09
"Chr05_15458250","Chr05",15458250,"C","T",7.81466774908885,1.58333612505594,4.77708753807152e-09
"Chr05_65733791","Chr05",65733791,"C","T",7.457728425353,1.43356312899212,1.94938586038103e-09
"Chr06_41390777","Chr06",41390777,"T","A",8.06670365185185,1.32961064511962,4.92275860988841e-12
"Chr08_52035251","Chr08",52035251,"G","A",8.66211742790001,1.67377756259242,6.87637240004307e-10
