"SNP","CHROM","POS","REF","ALT","Effect","SE","cmed3_9.FarmCPU"
"Chr01_29900154","Chr01",29900154,"A","G",-4.00101639910122,0.857834796397184,2.49450336971193e-08
"Chr02_6554344","Chr02",6554344,"A","C",6.09526455701838,1.31607452439008,4.1475124167367e-08
"Chr03_9747806","Chr03",9747806,"G","C",7.98445188381203,1.56241525330323,1.43879860498378e-09
"Chr05_5060741","Chr05",5060741,"A","T",9.65848483304774,1.36016030432675,1.96478961714518e-13
"Chr07_52337487","Chr07",52337487,"A","G",8.11943803730022,1.6242688940654,1.48284655703977e-08
