"SNP","CHROM","POS","REF","ALT","Effect","SE","cmed3_66.FarmCPU"
"Chr01_78773610","Chr01",78773610,"A","C",4.31022841078651,0.797308689949091,1.40800702721624e-09
"Chr03_46009512","Chr03",46009512,"C","T",8.98932376609511,1.61910158571544,1.06785743673653e-09
"Chr06_41390777","Chr06",41390777,"T","A",10.4514518419982,1.40320890643267,9.54303977461314e-15
"Chr08_29425117","Chr08",29425117,"G","A",11.5024157168612,1.55680174083406,2.02192687893764e-14
"Chr08_49509296","Chr08",49509296,"C","T",-7.03732186569581,1.13923551145654,2.01850136142338e-11
