"SNP","CHROM","POS","REF","ALT","Effect","SE","cmed3_70.FarmCPU"
"Chr04_10264095","Chr04",10264095,"G","A",5.29298930705792,1.06976456371407,1.3793580517771e-08
"Chr05_5060741","Chr05",5060741,"A","T",9.86480187138956,1.6478774433387,3.7815361958816e-11
"Chr06_41390777","Chr06",41390777,"T","A",8.29219525460174,1.70141314264941,1.44144749156901e-08
