"SNP","CHROM","POS","REF","ALT","Effect","SE","cmed3_41.FarmCPU"
"Chr01_78773610","Chr01",78773610,"A","C",4.22779926310076,0.915602208894467,4.35017626718221e-08
"Chr05_45087224","Chr05",45087224,"A","T",9.5088862258522,1.93941918017416,3.16351651040498e-08
"Chr06_41390777","Chr06",41390777,"T","A",8.6350047370283,1.51730946968342,2.51146333267007e-10
"Chr08_6095169","Chr08",6095169,"A","G",-3.97676459468922,0.810147922325795,1.67464336507363e-08
"Chr09_41535993","Chr09",41535993,"G","A",6.93745776297874,1.47045408158402,3.53494989937865e-08
"Chr09_56446959","Chr09",56446959,"C","A",5.7944535154054,1.08403886589564,6.3581784152098e-09
