"SNP","CHROM","POS","REF","ALT","Effect","SE","med2_4.FarmCPU"
"Chr02_68197686","Chr02",68197686,"G","C",7.00368464214354,1.33100123183314,1.91824406271585e-09
"Chr03_10269319","Chr03",10269319,"G","T",6.34215439415368,1.08855363480846,2.13134456526444e-10
"Chr06_41390777","Chr06",41390777,"T","A",9.00590117926059,1.47976628045275,2.99915367944507e-12
"Chr07_17096124","Chr07",17096124,"A","G",12.463178155565,2.04487540645651,6.10511482876445e-11
"Chr08_38578306","Chr08",38578306,"C","T",-7.38833718148138,1.56023317868168,3.70044944481363e-08
