"SNP","CHROM","POS","REF","ALT","Effect","SE","med2_98.FarmCPU"
"Chr02_68005448","Chr02",68005448,"C","T",4.53387985714797,0.934936469799897,4.12706724990465e-08
"Chr03_56520108","Chr03",56520108,"A","G",8.5375392790673,1.77006110104488,4.08482978034206e-08
"Chr04_11229736","Chr04",11229736,"A","G",7.51285136287947,1.45686680693895,6.46730885815753e-09
"Chr05_596560","Chr05",596560,"T","A",8.47512302067718,1.71637745328767,3.10071041892415e-08
"Chr07_58572440","Chr07",58572440,"G","A",-5.65991711335997,1.14471346348462,2.35458474409987e-08
"Chr08_45602786","Chr08",45602786,"G","A",11.1368948135481,1.67131492959258,1.94573863786118e-12
