"SNP","CHROM","POS","REF","ALT","Effect","SE","med2_31.FarmCPU"
"Chr02_60599498","Chr02",60599498,"T","A",8.87080001018467,1.66078153475018,3.29575014464335e-09
"Chr03_56520108","Chr03",56520108,"A","G",8.44634643675411,1.38097666681385,1.18484198358464e-10
"Chr06_18684007","Chr06",18684007,"C","T",9.0874861252694,1.98816814037954,3.61281421316572e-08
"Chr06_41390777","Chr06",41390777,"T","A",8.4292045707418,1.62198504346431,6.63716288906853e-09
