"SNP","CHROM","POS","REF","ALT","Effect","SE","med2_60.FarmCPU"
"Chr03_56520108","Chr03",56520108,"A","G",11.043300229884,1.43176503478667,2.24035102632815e-15
"Chr05_67586170","Chr05",67586170,"T","C",6.72605624895288,1.38239237148476,9.97188802477521e-09
"Chr08_45602786","Chr08",45602786,"G","A",8.25126768920997,1.53575809340716,4.12283105896931e-09
