"SNP","CHROM","POS","REF","ALT","Effect","SE","med2_49.FarmCPU"
"Chr03_56520108","Chr03",56520108,"A","G",10.5423922468147,1.53224822200126,2.16520735147466e-13
"Chr06_24424141","Chr06",24424141,"A","G",8.28028048459891,1.68395089086301,2.57245415611624e-08
"Chr09_50069546","Chr09",50069546,"G","A",-7.53345035834444,1.4565494531265,5.2605476959923e-09
"Chr10_11991615","Chr10",11991615,"C","T",6.35529912859879,1.23370873699692,2.35499667034296e-09
