"SNP","CHROM","POS","REF","ALT","Effect","SE","med2_25.FarmCPU"
"Chr01_63457434","Chr01",63457434,"A","C",10.3182711185246,1.70652645951577,2.85332016540015e-11
"Chr02_11558913","Chr02",11558913,"T","A",-5.82576876234025,1.21961212777722,2.67066889852761e-08
"Chr03_56520108","Chr03",56520108,"A","G",13.6491902789239,1.42078087356538,1.245376233093e-20
"Chr04_67661873","Chr04",67661873,"A","C",7.6097432708387,1.31901060625219,1.68796510458852e-10
"Chr05_67586170","Chr05",67586170,"T","C",6.44421435695334,1.33741299169516,4.36302690068389e-08
"Chr09_50666740","Chr09",50666740,"G","A",6.92336507145809,1.08162465024806,1.62415759903413e-11
