"SNP","CHROM","POS","REF","ALT","Effect","SE","med2_18.FarmCPU"
"Chr01_30396929","Chr01",30396929,"C","T",9.35617333184317,1.44249115885159,3.97489046596532e-12
"Chr01_63384072","Chr01",63384072,"C","T",5.63052417657047,1.09567938778287,1.38410270573911e-08
"Chr07_61199468","Chr07",61199468,"T","A",8.41794645343106,1.69698314190021,2.55094918514193e-08
"Chr10_26587173","Chr10",26587173,"G","A",-6.12920033486038,1.3049531991859,3.52092422527782e-08
"Chr10_52118602","Chr10",52118602,"T","G",6.91542369475598,1.23825246262541,1.13964003550452e-09
