"SNP","CHROM","POS","REF","ALT","Effect","SE","med2_29.FarmCPU"
"Chr02_19351717","Chr02",19351717,"T","C",6.63761859862138,1.21515937376688,2.42510724814339e-09
"Chr02_60599498","Chr02",60599498,"T","A",8.84661923670165,1.77133319552631,5.40142401567443e-09
"Chr03_56520108","Chr03",56520108,"A","G",8.67117848888308,1.87780619786204,3.61132564396891e-08
"Chr08_45602786","Chr08",45602786,"G","A",9.12755837730437,1.84174788300529,7.89338958044875e-09
