"SNP","CHROM","POS","REF","ALT","Effect","SE","med2_43.FarmCPU"
"Chr02_19351717","Chr02",19351717,"T","C",5.67762431489505,1.1177844915821,1.36506918731743e-08
"Chr03_12956552","Chr03",12956552,"T","C",6.70758305370066,1.31642466801316,1.61778241678923e-08
"Chr03_56518538","Chr03",56518538,"A","G",7.53153150117937,1.52111971203772,1.90097081170554e-08
"Chr04_11229736","Chr04",11229736,"A","G",11.2237832275498,1.53879234780291,4.44809615479552e-14
"Chr05_12109359","Chr05",12109359,"C","T",10.9041115563094,1.97456854192283,2.44754287427965e-09
"Chr07_58193872","Chr07",58193872,"T","C",-3.94360602962023,0.808425674724967,9.78005788263310e-09
