"SNP","CHROM","POS","REF","ALT","Effect","SE","med2_70.FarmCPU"
"Chr01_14077495","Chr01",14077495,"C","G",5.96373543400661,0.996846911923948,8.03831192776132e-11
"Chr01_36673595","Chr01",36673595,"T","C",9.93527081254991,1.88913230020507,5.74376295360753e-09
"Chr02_38310584","Chr02",38310584,"T","A",16.0705480718223,3.32776456905464,4.41897748588009e-08
"Chr04_46502643","Chr04",46502643,"G","A",-10.7588890327493,2.22353035548215,3.77027046920236e-08
"Chr05_1399303","Chr05",1399303,"A","G",8.23570532018471,1.55854193523717,4.33400987329991e-09
