"SNP","CHROM","POS","REF","ALT","Effect","SE","med2_45.FarmCPU"
"Chr01_57962874","Chr01",57962874,"T","C",5.24880473751835,1.06916135925465,2.28069733005025e-08
"Chr03_56520108","Chr03",56520108,"A","G",12.0689694565363,1.51777162189138,2.08272324981099e-15
