"SNP","CHROM","POS","REF","ALT","Effect","SE","med2_9.FarmCPU"
"Chr02_38310584","Chr02",38310584,"T","A",16.2174135358774,3.04171640486169,2.93336339380523e-09
"Chr03_54824335","Chr03",54824335,"T","C",4.99294698561915,1.02525685466614,2.58271734621798e-08
"Chr03_56520108","Chr03",56520108,"A","G",7.6106636067424,1.55122669932506,4.07233545036248e-08
"Chr06_54341729","Chr06",54341729,"A","T",7.5307464421547,1.33893514518922,7.33863332129161e-10
"Chr10_43925325","Chr10",43925325,"G","T",7.00024762906467,1.33152341154918,5.41084874668525e-09
