"SNP","CHROM","POS","REF","ALT","Effect","SE","med2_33.FarmCPU"
"Chr01_32460136","Chr01",32460136,"A","G",-9.22664412855372,1.97214486098793,4.47618364367088e-08
"Chr01_57963006","Chr01",57963006,"G","A",5.24751817171667,0.859014506517484,2.24352616889534e-11
"Chr02_63416293","Chr02",63416293,"A","G",8.11405840456693,1.67395806209385,1.50915198003125e-08
"Chr03_30104245","Chr03",30104245,"A","C",9.79403039135712,1.72307504062166,5.26542180032558e-10
"Chr03_56520108","Chr03",56520108,"A","G",11.8277544209515,1.45430200762785,1.9557308661368e-16
"Chr05_12172414","Chr05",12172414,"G","A",9.460854967135,1.72323154820042,1.18243655136262e-09
"Chr07_7648038","Chr07",7648038,"A","G",-3.79960609559265,0.73771285975296,6.70745178702883e-09
"Chr10_32447676","Chr10",32447676,"G","T",-8.254806165265,1.58288520254501,1.9095380677595e-10
