"SNP","CHROM","POS","REF","ALT","Effect","SE","med2_34.FarmCPU"
"Chr03_56518231","Chr03",56518231,"G","A",10.9980487601313,1.60337657128674,5.90424214315649e-13
"Chr04_48327023","Chr04",48327023,"C","T",10.1137499297014,2.10341523521503,4.13271359776211e-09
"Chr06_22772200","Chr06",22772200,"C","T",9.07769016755872,1.82230780563713,3.2228475648227e-09
