"SNP","CHROM","POS","REF","ALT","Effect","SE","med2_92.FarmCPU"
"Chr02_19351717","Chr02",19351717,"T","C",8.78402224102982,1.0526481660921,2.12890324873857e-17
"Chr03_56518538","Chr03",56518538,"A","G",9.16161393069221,1.4726308614101,1.36255357240039e-11
"Chr05_45223201","Chr05",45223201,"A","T",5.15697880076512,1.14563695054911,1.29071706430176e-08
"Chr06_18316157","Chr06",18316157,"C","T",10.1190151544183,1.86591198855812,6.04815762237894e-10
"Chr07_61138589","Chr07",61138589,"G","T",7.84673736131546,1.12816230861866,2.72349072878568e-13
"Chr10_15913772","Chr10",15913772,"T","A",-9.5129028378493,1.63718830455761,2.91954217594912e-11
