"SNP","CHROM","POS","REF","ALT","Effect","SE","med2_14.FarmCPU"
"Chr03_56520108","Chr03",56520108,"A","G",15.6281988420601,1.30915753955873,8.20998416649164e-27
"Chr05_52561597","Chr05",52561597,"C","T",11.5402931266971,2.19427007249798,3.61762712127705e-09
"Chr06_23928731","Chr06",23928731,"C","T",7.92447098538032,1.66991390787614,3.29040316000095e-08
"Chr08_45602786","Chr08",45602786,"G","A",7.55772480018069,1.50429539277488,2.85897352115633e-08
