"SNP","CHROM","POS","REF","ALT","Effect","SE","med2_97.FarmCPU"
"Chr01_30283401","Chr01",30283401,"G","A",14.2430540154597,1.80138014560397,1.67784473348233e-15
"Chr03_56520108","Chr03",56520108,"A","G",10.3904486358424,1.58750297833552,1.18782699809546e-11
"Chr04_24633840","Chr04",24633840,"G","T",14.5767252093613,2.25124871108466,3.43807277503902e-12
