"SNP","CHROM","POS","REF","ALT","Effect","SE","med2_77.FarmCPU"
"Chr03_56520108","Chr03",56520108,"A","G",12.0594486568527,1.49032783334098,5.74784017846776e-16
"Chr07_61136530","Chr07",61136530,"G","A",4.70618113699777,0.958622245604781,4.57684171661886e-09
"Chr08_3210044","Chr08",3210044,"A","C",4.09073206800815,0.807281808697412,1.65073412782681e-08
"Chr08_45602786","Chr08",45602786,"G","A",9.42508157842832,1.52817124842676,3.22451964498702e-11
"Chr09_50404067","Chr09",50404067,"T","C",9.36747491697787,1.5438808759441,6.58926942578383e-11
"Chr10_40477488","Chr10",40477488,"T","C",-8.38153082592764,1.38897630452757,4.72915816301435e-11
"Chr10_55608528","Chr10",55608528,"G","A",5.82459333611138,1.19845736198514,4.50151361306231e-08
