"SNP","CHROM","POS","REF","ALT","Effect","SE","med2_88.FarmCPU"
"Chr01_66330599","Chr01",66330599,"G","A",7.92563797288141,1.60961382000866,2.50768437751943e-08
"Chr02_22021930","Chr02",22021930,"G","A",12.5970132123062,2.51439807970172,2.18690850574879e-08
"Chr02_54218386","Chr02",54218386,"T","G",9.04858223132879,1.59387917850156,6.79396773368907e-10
"Chr08_45602786","Chr08",45602786,"G","A",9.49447971164939,1.98429462497601,2.7252846589884e-08
