"SNP","CHROM","POS","REF","ALT","Effect","SE","med3_24.FarmCPU"
"Chr01_51881116","Chr01",51881116,"G","A",7.33339609188951,1.47781434912509,2.61981508285137e-08
"Chr03_1873405","Chr03",1873405,"C","A",-4.79945661034084,0.933924233072561,6.39514975842019e-09
"Chr03_29606194","Chr03",29606194,"G","A",8.98822264481468,1.84811503211791,1.19872423943104e-08
"Chr04_6243626","Chr04",6243626,"C","A",9.14180261528381,1.64712753434588,9.30014997520523e-10
"Chr05_2663278","Chr05",2663278,"T","G",5.73632294633664,1.2112462272911,9.89377743628341e-09
"Chr06_10020749","Chr06",10020749,"C","T",-7.18813493902311,1.20354402286988,1.0562140559829e-10
"Chr10_7104967","Chr10",7104967,"G","C",5.46017030505041,0.938988746997407,3.21952561906963e-10
"Chr10_12899788","Chr10",12899788,"C","T",8.86603344621076,1.80775308229774,1.66782364062515e-08
