"SNP","CHROM","POS","REF","ALT","Effect","SE","med3_61.FarmCPU"
"Chr02_53590508","Chr02",53590508,"G","C",9.24696064310684,1.45132120168733,4.71403403764166e-12
"Chr03_29606194","Chr03",29606194,"G","A",10.5504242673214,2.20645664503047,4.45961629381591e-08
"Chr05_13266521","Chr05",13266521,"G","C",4.2475591660083,0.978972843306703,1.25419950560491e-08
"Chr09_6732025","Chr09",6732025,"T","A",8.64889816059902,1.80339450343612,3.88601346062822e-08
"Chr10_7036622","Chr10",7036622,"T","A",12.3270983444726,1.90478186660456,2.2914685138188e-12
