"SNP","CHROM","POS","REF","ALT","Effect","SE","med3_82.FarmCPU"
"Chr01_14017740","Chr01",14017740,"A","G",5.58552937689424,0.954771469521913,8.39617401439217e-11
"Chr01_15336997","Chr01",15336997,"G","A",7.9992223188616,1.54975975607717,1.53198378325912e-09
"Chr02_899235","Chr02",899235,"T","C",-5.5322108847697,1.02871765981591,3.67408275046693e-09
"Chr02_15226730","Chr02",15226730,"A","T",-4.36074899771102,0.849841613226782,7.53270741458732e-10
"Chr05_61773668","Chr05",61773668,"G","T",8.81032842134849,1.21405397723117,6.50535907826986e-15
"Chr06_54386392","Chr06",54386392,"C","T",7.81228224669532,1.4716181147807,1.93156072759551e-09
"Chr06_58110569","Chr06",58110569,"G","T",5.71172690450962,1.13050621288271,8.63384203710153e-10
"Chr09_1240722","Chr09",1240722,"G","A",-5.06771388089031,1.07332926080202,3.76567182741331e-08
