"SNP","CHROM","POS","REF","ALT","Effect","SE","med_42.FarmCPU"
"Chr01_14017644","Chr01",14017644,"T","C",3.80503418968801,0.838783755954896,2.69857292186428e-08
"Chr03_52461620","Chr03",52461620,"A","G",-6.53791263015671,1.39192588155995,1.49152292817932e-08
"Chr05_1196406","Chr05",1196406,"C","T",-4.69065918287846,0.971734683917073,1.4873182776107e-08
"Chr05_63430634","Chr05",63430634,"C","A",6.25605495180582,0.923408964614949,8.4227120366081e-13
"Chr07_25471661","Chr07",25471661,"G","A",12.8882636218643,1.70100417738229,4.98588448742181e-15
"Chr10_6992905","Chr10",6992905,"C","A",-4.2698993444151,0.888709131997765,1.31262696052857e-08
"Chr10_7322953","Chr10",7322953,"C","T",3.51682471185764,0.716391611752042,3.05791850851456e-08
