"SNP","CHROM","POS","REF","ALT","Effect","SE","med_21.FarmCPU"
"Chr01_14017644","Chr01",14017644,"T","C",6.72201171346371,0.667189705558922,9.29155179701703e-22
"Chr03_8340680","Chr03",8340680,"C","T",-9.14985922234865,1.63062676511445,7.02754579096964e-10
"Chr03_68395639","Chr03",68395639,"T","A",-3.15986355419814,0.643847951705828,3.40260886680676e-08
"Chr08_52036186","Chr08",52036186,"C","T",4.53942145652474,0.981652314704346,2.36703477821537e-08
"Chr09_41835802","Chr09",41835802,"C","T",8.82094658544793,1.54600911449343,4.58379304186292e-10
"Chr10_49350167","Chr10",49350167,"A","T",8.49822086711609,1.31295471096902,6.0970501195517e-12
