"SNP","CHROM","POS","REF","ALT","Effect","SE","med_32.FarmCPU"
"Chr01_13955422","Chr01",13955422,"C","A",5.03473727586577,0.942246104068215,3.90290869409693e-09
"Chr01_77340362","Chr01",77340362,"T","C",5.4820843317332,1.06967887961484,1.62262196987545e-08
"Chr05_2262804","Chr05",2262804,"A","T",3.36970746146446,0.655009681006504,7.86387095110086e-09
"Chr05_12109370","Chr05",12109370,"T","C",8.03853238460491,1.6255494494838,2.7215158717433e-08
