"SNP","CHROM","POS","REF","ALT","Effect","SE","med_79.FarmCPU"
"Chr01_47616009","Chr01",47616009,"A","C",11.0678565884021,1.44374551204524,3.08506846861642e-15
"Chr03_68034233","Chr03",68034233,"G","C",-5.18098284687711,0.761722704117154,2.00263791546659e-12
"Chr06_1613306","Chr06",1613306,"G","A",-2.60068616161337,0.553519175350682,3.42333606396577e-08
"Chr06_6921484","Chr06",6921484,"T","C",-4.52044012766885,0.941448604520012,3.73782192830554e-08
"Chr07_12321878","Chr07",12321878,"T","C",-4.17638379227822,0.858088239386089,3.0631542683886e-08
"Chr08_52033746","Chr08",52033746,"C","T",6.81514180487284,1.29480350697041,2.86160131018312e-09
