"SNP","CHROM","POS","REF","ALT","Effect","SE","med_15.FarmCPU"
"Chr01_78773610","Chr01",78773610,"A","C",5.17250211001902,0.820065803956871,7.95982210236971e-12
"Chr05_10599537","Chr05",10599537,"C","T",-6.40488329109563,1.2197074892904,2.34943364951622e-09
"Chr05_12109370","Chr05",12109370,"T","C",7.21528149360238,1.52233186061786,1.53596604856322e-08
"Chr05_65733791","Chr05",65733791,"C","T",7.12370041222773,1.4302129517105,8.97435137178225e-09
