"SNP","CHROM","POS","REF","ALT","Effect","SE","med_48.FarmCPU"
"Chr01_10160781","Chr01",10160781,"G","A",6.41134782044733,1.2324992632519,2.79103624050777e-09
"Chr05_30982940","Chr05",30982940,"A","G",-2.59490438977469,0.661897160644748,1.18055106163498e-08
"Chr07_25471661","Chr07",25471661,"G","A",10.4992093538005,1.59349304526438,1.5872339315787e-12
"Chr08_29425117","Chr08",29425117,"G","A",11.8341226644191,1.57593564183179,6.95881785776366e-15
