"SNP","CHROM","POS","REF","ALT","Effect","SE","med_87.FarmCPU"
"Chr04_10243714","Chr04",10243714,"C","T",4.5689163133601,0.921013409037874,1.12284561241757e-08
"Chr06_40810116","Chr06",40810116,"A","G",11.7429943263749,1.22471155076733,1.34048979308964e-20
"Chr07_61012066","Chr07",61012066,"C","T",9.34103316829674,1.70410569169891,8.8801292934673e-10
"Chr10_6912422","Chr10",6912422,"C","T",3.83543946834049,0.727677555171743,5.33375654576101e-09
