"SNP","CHROM","POS","REF","ALT","Effect","SE","med_57.FarmCPU"
"Chr05_2613833","Chr05",2613833,"T","A",3.39235598860312,0.692062059140932,3.54264700906732e-08
"Chr05_57716914","Chr05",57716914,"T","C",-6.17852217957436,1.14222112203857,8.63530766914108e-10
"Chr07_60993980","Chr07",60993980,"C","T",8.21434327692164,1.28680161502397,6.67157826402801e-12
"Chr10_6992905","Chr10",6992905,"C","A",-4.64560031895206,0.907270904660931,6.4719056810267e-09
"Chr10_49350167","Chr10",49350167,"A","T",7.70069862595227,1.35740906925677,1.75303858728897e-10
