"SNP","CHROM","POS","REF","ALT","Effect","SE","med_6.FarmCPU"
"Chr01_14017644","Chr01",14017644,"T","C",4.24972877242223,0.760207518171241,5.83865998941706e-10
"Chr04_32762421","Chr04",32762421,"G","A",-8.21555529422386,1.32481223067354,2.30245365863945e-11
"Chr05_12109370","Chr05",12109370,"T","C",8.40427210048477,1.56968634694989,7.09228739640464e-10
"Chr06_40810116","Chr06",40810116,"A","G",7.19376113843362,1.26505448611101,9.78857539956704e-10
"Chr10_35614470","Chr10",35614470,"C","T",-5.46263110388465,1.03591232266629,1.38877616857279e-09
