"SNP","CHROM","POS","REF","ALT","Effect","SE","med_49.FarmCPU"
"Chr02_38310584","Chr02",38310584,"T","A",13.2383295174826,1.88278464670864,7.19750113031331e-14
"Chr02_67574256","Chr02",67574256,"T","C",-5.54527656413776,1.09403127688025,6.56532723285159e-09
"Chr03_11478381","Chr03",11478381,"C","T",5.30135810006685,1.11233668634978,1.80033482413815e-08
"Chr05_12109370","Chr05",12109370,"T","C",7.26557770817898,1.3473176573949,2.25296385810812e-09
"Chr10_7216278","Chr10",7216278,"G","C",3.85476418230436,0.730162556042285,2.11998751635217e-09
