"SNP","CHROM","POS","REF","ALT","Effect","SE","med_16.FarmCPU"
"Chr05_5060741","Chr05",5060741,"A","T",7.46260500232786,1.33773886293494,1.24060839006818e-09
"Chr05_37083567","Chr05",37083567,"A","G",-8.29806163940431,1.58934658938269,2.98100547590987e-09
"Chr06_40810116","Chr06",40810116,"A","G",5.74262122202924,1.19077492341295,2.04073848592117e-08
"Chr07_60993980","Chr07",60993980,"C","T",8.63451102662683,1.1716245249588,3.99912478034875e-14
