"SNP","CHROM","POS","REF","ALT","Effect","SE","med_99.FarmCPU"
"Chr02_38310584","Chr02",38310584,"T","A",18.712820603034,2.13443773503893,6.02072795786961e-18
"Chr04_4820106","Chr04",4820106,"T","C",-8.07270489451983,1.65496126833976,2.6926195041367e-08
"Chr05_65733791","Chr05",65733791,"C","T",8.0398265933237,1.35283455172279,9.46584588312526e-11
"Chr07_10083511","Chr07",10083511,"G","A",-7.62017666181291,1.23085409579639,2.38672265362937e-12
