"SNP","CHROM","POS","REF","ALT","Effect","SE","med_73.FarmCPU"
"Chr01_14017644","Chr01",14017644,"T","C",5.94763964443244,0.765129009258038,1.44224021259587e-15
"Chr05_12109370","Chr05",12109370,"T","C",10.0779225597262,1.73418466278676,1.66592118906992e-10
"Chr10_27598566","Chr10",27598566,"T","C",-5.49989354890448,1.20743442977206,3.26733345976198e-08
