"SNP","CHROM","POS","REF","ALT","Effect","SE","med_74.FarmCPU"
"Chr04_6500858","Chr04",6500858,"T","G",5.05826291691094,1.10250097032926,1.69707368770728e-08
"Chr05_12109370","Chr05",12109370,"T","C",7.61883878603462,1.51176414495739,1.2034404589541e-08
"Chr06_19588264","Chr06",19588264,"T","G",-6.6610145334242,1.2378519356491,7.00574783497955e-10
"Chr06_37182597","Chr06",37182597,"T","C",6.64516742402695,1.5605353858262,1.49686048588494e-08
"Chr07_22675921","Chr07",22675921,"G","T",5.18921995271523,1.06156792308056,8.74845318681984e-10
"Chr09_787959","Chr09",787959,"C","A",-4.81257435903973,0.89524533838193,1.5561298044666e-09
"Chr10_10641104","Chr10",10641104,"G","T",4.7309536515977,0.951370062809045,1.00878056010134e-08
