"SNP","CHROM","POS","REF","ALT","Effect","SE","med_11.FarmCPU"
"Chr01_9868455","Chr01",9868455,"A","T",10.1622092363427,2.10695791201697,3.8000981301061e-08
"Chr04_6110863","Chr04",6110863,"A","C",-6.10488096669815,1.26256131019806,3.00369311163186e-08
"Chr05_5060741","Chr05",5060741,"A","T",11.1570397695244,1.47228055097594,5.79643444610438e-15
"Chr05_8898952","Chr05",8898952,"T","C",5.69480221080619,1.01169583170677,4.96969004545388e-10
"Chr07_25471661","Chr07",25471661,"G","A",10.8312022588604,1.81905650363057,1.6080443570914e-10
"Chr09_787959","Chr09",787959,"C","A",-4.96975950744616,0.983147355799414,1.61902250473198e-08
