"SNP","CHROM","POS","REF","ALT","Effect","SE","med_61.FarmCPU"
"Chr01_69075885","Chr01",69075885,"T","C",-3.88334851192424,0.796702498917103,2.71604580669203e-08
"Chr02_38310584","Chr02",38310584,"T","A",11.8365124385405,2.07642533431295,2.34313763236638e-10
"Chr02_55185373","Chr02",55185373,"C","T",7.16813060214733,1.37100888097884,6.95759498294919e-11
"Chr03_40106446","Chr03",40106446,"C","T",-5.98957822432654,1.19863542947132,2.08389232960378e-08
"Chr07_3593718","Chr07",3593718,"C","T",7.54640635900656,1.48615474694391,1.11923972381767e-08
"Chr10_8886733","Chr10",8886733,"T","C",5.56074959606176,0.970942570229297,4.82025333852345e-10
