"SNP","CHROM","POS","REF","ALT","Effect","SE","med_92.FarmCPU"
"Chr03_8065174","Chr03",8065174,"T","C",5.49495530500172,1.18209778292126,6.37434047329623e-09
"Chr08_29425117","Chr08",29425117,"G","A",9.7384616476904,1.73624397763903,7.06482902883842e-10
"Chr10_58970709","Chr10",58970709,"T","A",3.71487562114828,0.668091381838769,9.32785391451828e-10
