"SNP","CHROM","POS","REF","ALT","Effect","SE","med_46.FarmCPU"
"Chr01_14017644","Chr01",14017644,"T","C",3.94367907286198,0.775854578965296,1.21922958543995e-08
"Chr05_1180282","Chr05",1180282,"T","C",-4.8366869363144,0.770920083610628,7.40047918571816e-12
"Chr06_9613828","Chr06",9613828,"A","G",-7.28447519964699,1.36847354161564,2.30948579190756e-09
"Chr06_22882158","Chr06",22882158,"A","G",8.27485540849799,1.38934278914002,9.68690977320951e-11
"Chr07_25471661","Chr07",25471661,"G","A",7.82187431345679,1.61718803540571,3.83284912837713e-08
"Chr08_29425117","Chr08",29425117,"G","A",10.9927798259964,1.64579910746617,6.51989684008046e-13
"Chr08_52036186","Chr08",52036186,"C","T",4.80310364765713,0.997215637717081,3.24512176076551e-08
