"SNP","CHROM","POS","REF","ALT","Effect","SE","med_2.FarmCPU"
"Chr03_68904760","Chr03",68904760,"A","G",3.9938453008287,0.812557026506855,1.22723329003068e-08
"Chr04_24377278","Chr04",24377278,"C","A",4.94197176803932,0.999225860343751,1.74612622610434e-08
"Chr07_60993980","Chr07",60993980,"C","T",7.5402180196971,1.19546319453639,3.25845392652025e-12
"Chr10_2957702","Chr10",2957702,"A","T",-6.53801583413774,1.14572721622539,5.51852507458808e-10
"Chr10_32309240","Chr10",32309240,"A","G",7.74798594412521,1.57559229280687,3.66745692880883e-08
