"SNP","CHROM","POS","REF","ALT","Effect","SE","med_33.FarmCPU"
"Chr02_57598157","Chr02",57598157,"G","A",-3.8933105306171,0.750205497246363,2.80258217421775e-09
"Chr05_12109370","Chr05",12109370,"T","C",8.83708590894303,1.42504456267417,1.08998539684109e-11
"Chr06_41390777","Chr06",41390777,"T","A",10.6094623234235,1.28674091213962,4.81373078207379e-17
"Chr08_29425117","Chr08",29425117,"G","A",10.7200475495635,1.50345822070629,1.47848012963193e-13
"Chr08_49407649","Chr08",49407649,"A","G",-3.32311022294484,0.707847691247159,1.72419880065648e-08
