"SNP","CHROM","POS","REF","ALT","Effect","SE","med_14.FarmCPU"
"Chr03_59139591","Chr03",59139591,"T","A",9.20119194803617,1.27841702312529,7.02710755326544e-14
"Chr07_61096341","Chr07",61096341,"T","C",5.49386977024469,1.12121357753941,2.1050516108457e-08
"Chr08_47412981","Chr08",47412981,"A","G",7.5760225650635,1.26268752083353,1.2712247492921e-10
