"SNP","CHROM","POS","REF","ALT","Effect","SE","cam3pam_34.FarmCPU"
"Chr01_78952565","Chr01",78952565,"T","C",7.00068850763923,1.12873592545931,7.79031737011068e-11
"Chr02_53403528","Chr02",53403528,"A","G",8.69963109502278,1.54242851192953,7.54853342927634e-10
"Chr03_53098465","Chr03",53098465,"A","T",7.23043286585541,1.52640941308184,2.55869862385755e-08
