"SNP","CHROM","POS","REF","ALT","Effect","SE","cam3pam_51.FarmCPU"
"Chr02_53726008","Chr02",53726008,"G","A",6.97195885809853,1.32490736712116,6.26117834899906e-09
"Chr04_24633840","Chr04",24633840,"G","T",10.1318918396132,1.55462629365797,6.17334714256986e-12
"Chr05_5060741","Chr05",5060741,"A","T",7.03402737836844,1.25069825920616,1.05085339651832e-09
"Chr06_1898942","Chr06",1898942,"A","G",3.93935242427844,0.764409826481266,1.16731164014814e-08
