"SNP","CHROM","POS","REF","ALT","Effect","SE","cam3pam_46.FarmCPU"
"Chr02_6584731","Chr02",6584731,"G","C",6.69129242650938,1.21211901612165,1.1185879926237e-09
"Chr02_53403506","Chr02",53403506,"C","T",8.75790928824128,1.46179600906633,8.80986421887764e-11
"Chr08_52036186","Chr08",52036186,"C","T",5.69799890830869,1.12670743877033,5.24978947747573e-09
"Chr10_448410","Chr10",448410,"C","T",-4.94563406701958,0.969716581781979,6.2126508909359e-09
"Chr10_1328614","Chr10",1328614,"G","A",-3.23973753391397,0.594557819396996,4.40294518375679e-10
