"SNP","CHROM","POS","REF","ALT","Effect","SE","cam3pam_7.FarmCPU"
"Chr03_4560543","Chr03",4560543,"A","G",4.78743123998538,0.954603731199891,4.88648564171551e-09
"Chr04_22927494","Chr04",22927494,"G","A",7.76287061400819,1.62978166068161,2.35205908585565e-08
"Chr05_12109359","Chr05",12109359,"C","T",9.25417361695692,1.51274556159551,3.50949306456107e-11
"Chr06_41390777","Chr06",41390777,"T","A",8.54456729524788,1.25076442395762,2.67632549180008e-13
"Chr10_448416","Chr10",448416,"C","T",-7.91171130476435,1.28425763661879,9.96583049396779e-12
