"SNP","CHROM","POS","REF","ALT","Effect","SE","cam3pam_73.FarmCPU"
"Chr04_24633840","Chr04",24633840,"G","T",8.73545410085538,1.73179892817191,1.44227190432375e-08
"Chr05_5060741","Chr05",5060741,"A","T",6.32568348234492,1.15867088361161,6.44288130391455e-10
