SNP,CHROM,POS,EFFECT,SE,P,cam3
Chr01_79540447,1,79540447,3.65726715775314,0.696423712633815,8.50504306357463e-09,0.01
Chr02_53726008,2,53726008,9.53577368744533,1.48764578113668,3.05349467987743e-09,0.03
Chr02_6935732,2,6935732,6.83297579249438,1.05796280037206,2.78165399522687e-10,0.03
Chr03_51282360,3,51282360,6.7256425670768,1.11882163161814,6.34363543333852e-11,0.01
Chr04_48159485,4,48159485,9.0902412226669,1.37630688552975,2.25845818478635e-12,0.01
Chr05_12109359,5,12109359,8.36893382261966,1.57426126248092,3.38720864832327e-09,0.03
Chr05_64966520,5,64966520,4.19573306843495,0.784108646230817,5.20017703720021e-09,0.01
Chr06_15820150,6,15820150,-9.00241301909742,1.51305419326654,1.79453626960256e-11,0.01
Chr06_41081472,6,41081472,7.87364708371032,1.44510580274449,2.51685251295056e-09,0.01
Chr08_56755555,8,56755555,5.28649576889175,0.898999858555745,1.70723777403808e-10,0.01
Chr08_61294123,8,61294123,-4.75676106504569,0.895017250552275,3.00631514270388e-09,0.01
Chr10_448416,10,448416,-7.05974313409947,1.37797076036796,7.26097584022868e-09,0.01
Chr10_9462374,10,9462374,-4.49861119525957,0.902931647467139,8.07647301801189e-09,0.01
