SNP,CHROM,POS,EFFECT,SE,P,cmed3
Chr01_11834458,1,11834458,7.33571648248351,1.26437063786307,5.02165906570551e-11,0.01
Chr01_17481665,1,17481665,3.8088290787193,0.764625318924285,9.23699845459934e-09,0.01
Chr01_47616009,1,47616009,15.6737581488479,2.23552862083438,6.23455323159478e-13,0.01
Chr01_77084196,1,77084196,5.56547954610058,1.0090465804767,2.16774119873995e-09,0.01
Chr01_79143648,1,79143648,-6.439370059398,1.27421359745425,3.76022918166008e-09,0.01
Chr02_19770800,2,19770800,8.53752544846479,1.3780507629922,3.37829378968709e-11,0.01
Chr02_55185373,2,55185373,9.6508751871537,1.71047199249845,6.09032847722558e-10,0.01
Chr02_60599498,2,60599498,8.344455502888,1.47646093873235,3.80539416645192e-10,0.01
Chr04_1240761,4,1240761,4.78562859656238,0.810257805059209,1.38727576732784e-10,0.01
Chr04_66853141,4,66853141,8.90994299244345,1.45691130656112,4.26645862387071e-11,0.01
Chr05_12109359,5,12109359,9.56188528352185,1.91096557208037,2.88231278192818e-09,0.01
Chr05_65709873,5,65709873,7.55548551301633,1.36215125344369,2.24707846268561e-09,0.02
Chr06_10058242,6,10058242,-6.74431539291517,1.29625101894947,4.36903509882251e-09,0.01
Chr06_32450403,6,32450403,7.04047901342887,1.28230980645293,1.29812532379076e-09,0.01
Chr06_35273103,6,35273103,-7.98059543511258,1.62494019781395,1.01744734896183e-08,0.01
Chr06_40810116,6,40810116,7.70406834533587,1.42908007212215,1.05694565418623e-09,0.01
Chr06_41081472,6,41081472,8.47335914464151,1.48753479742047,1.06625133464034e-09,0.01
Chr06_53902074,6,53902074,5.07404224203135,0.972672163907237,9.29531457604012e-09,0.01
Chr07_54783261,7,54783261,11.0428383594125,1.85409949771877,7.62002853439111e-11,0.01
Chr07_54783272,7,54783272,10.4699772880943,1.78202478139614,1.4882857391796e-10,0.01
Chr07_60993980,7,60993980,7.64430153971507,1.40743258519222,3.19067335835081e-09,0.01
Chr08_56931561,8,56931561,4.64894510770621,0.843068999904063,1.61501645299401e-09,0.01
Chr08_61309740,8,61309740,-5.15596165848782,0.99270845330765,4.47944377121271e-09,0.01
Chr10_2924990,10,2924990,-6.25826596514541,1.24795086233499,7.42584809768793e-09,0.01
