SNP,CHROM,POS,EFFECT,SE,P,cam3_pam
Chr01_79540447,1,79540447,3.65726715775314,0.696423712633815,8.50504306357463e-09,0.01
Chr02_53726008,2,53726008,9.53577368744533,1.48764578113668,3.05349467987743e-09,0.03
Chr02_6935732,2,6935732,7.37221096446354,1.08369212932043,2.2100594944188e-12,0.02
Chr05_12109359,5,12109359,8.225690005289,1.50600626632273,3.99945838847977e-09,0.01
Chr05_64966520,5,64966520,4.19573306843495,0.784108646230817,5.20017703720021e-09,0.01
